PLAY #,OPP TEAM,ODK,OFF TEAM,QTR,OT #,SERIES,SERIES #,DN,DIST,YARD LN,PLAY TYPE,RESULT,GN/LS,RUSHER,PASSER,PASS RESULT,PASS TARGET,BROKEN UP BY,INTERCEPTED BY,HURRIED BY,TACKLER1,TACKLER2,FUMBLE,FUMBLED BY,FORCED BY,RECOVER TEAM,RECOVERED BY,RETURNER,RETURN YDS,RETURN TO,KICKER,KICK YDS,KICK TO,KICK RESULT,PUNTER,PUNT YDS,PUNT TO,PUNT RESULT,BLOCKED BY,PK,FG DIST,FG RESULT,XP RESULT,2 PT RESULT,TAKEN BY,FIRST DOWN,TOUCHDOWN,NO PLAY,NULLIFIED,SAFETY,SERIES END,TIME STAMP,TIME LEFT,OFF SCORE,DEF SCORE,SCORE DIFF,TOL,OFF TOL,DEF TOL,PENALTY1,PEN TEAM1,AGAINST1,PENALTY2,PEN TEAM2,AGAINST2,PENALTY YDS
1,Muhlenberg,K,SUSQFB,1,,,,,,,KO,Return,,,,,,,,,Tim Macko,,,,,,,John Washington,51,-43.0,Elijah Hoffman,59.0,6.0,Return,,,,,,,,,,,,,,,,,,15:00,1800,0,0,0,3,3,3,,,,,,,
2,Muhlenberg,D,MUHL,1,,1.0,1.0,0.0,10.0,43.0,Run,Rush,7.0,Mich Hnatkowsky,,,,,,,,,,,,,,,,,,,,,,,,,,,,,,,,,,,,,,15:00,1800,0,0,0,3,3,3,,,,,,,
3,Muhlenberg,D,MUHL,1,,1.0,2.0,2.0,3.0,36.0,Pass,Complete,24.0,,Mich Hnatkowsky,Complete,Mitch Daniel,,,,Aaron Beverly,,,,,,,,,,,,,,,,,,,,,,,,,,,,,,,15:00,1800,0,0,0,3,3,3,,,,,,,
4,Muhlenberg,D,MUHL,1,,1.0,3.0,1.0,10.0,12.0,Pass,Incomplete,0.0,,Mich Hnatkowsky,Incomplete,Zach Deldin,,,,,,,,,,,,,,,,,,,,,,,,,,,,,,,,,,,15:00,1800,0,0,0,3,3,3,,,,,,,
5,Muhlenberg,D,MUHL,1,,1.0,4.0,2.0,10.0,12.0,Pass,Complete,12.0,,Mich Hnatkowsky,Complete,Michael Feaster,,,,,,,,,,,,,,,,,,,,,,,,,,,,,,True,,,,TD,15:00,1800,0,0,0,3,3,3,,,,,,,
6,Muhlenberg,K,MUHL,1,,,,1.0,3.0,3.0,Extra Pt. Block,Good,,,,,,,,,,,,,,,,,,,,,,,,,,,,Nick Stannard,,,Good,,,,,,,,,13:39,1719,6,0,-6,3,3,3,,,,,,,
7,Muhlenberg,K,MUHL,1,,,,1.0,10.0,-35.0,KO Ret,Return,,,,,,,,,Joshua Barnett,J Ramirez-Rojas,,,,,,Kyle Howes,17,27.0,Nick Stannard,55.0,10.0,Return,,,,,,,,,,,,,,,,,,13:39,1719,7,0,-7,3,3,3,,,,,,,
8,Muhlenberg,O,SUSQFB,1,,1.0,1.0,0.0,10.0,-27.0,Run,Rush,7.0,Frankie Negrini,,,,,,,Matt Papa,,,,,,,,,,,,,,,,,,,,,,,,,,,,,,,13:33,1713,0,7,-7,3,3,3,,,,,,,
9,Muhlenberg,O,SUSQFB,1,,1.0,2.0,2.0,3.0,-34.0,Run,Rush,2.0,Frankie Negrini,,,,,,,Nick Sirico,Kyle Dormer,,,,,,,,,,,,,,,,,,,,,,,,,,,,,,13:33,1713,0,7,-7,3,3,3,,,,,,,
10,Muhlenberg,O,SUSQFB,1,,1.0,3.0,3.0,1.0,-36.0,Run,Rush,2.0,Frankie Negrini,,,,,,,Kyle Dormer,Owen Daddona,,,,,,,,,,,,,,,,,,,,,,,,,,,,,,13:33,1713,0,7,-7,3,3,3,,,,,,,
11,Muhlenberg,O,SUSQFB,1,,1.0,4.0,1.0,10.0,-38.0,Run,Rush,2.0,Frankie Negrini,,,,,,,Tyler Magee,,,,,,,,,,,,,,,,,,,,,,,,,,,,,,,13:33,1713,0,7,-7,3,3,3,,,,,,,
12,Muhlenberg,O,SUSQFB,1,,1.0,5.0,2.0,8.0,-40.0,Pass,Complete,9.0,,Michael Ruisch,Complete,Samuel Darrell,,,,Kyle Dormer,,,,,,,,,,,,,,,,,,,,,,,,,,,,,,,13:33,1713,0,7,-7,3,3,3,,,,,,,
13,Muhlenberg,O,SUSQFB,1,,1.0,6.0,1.0,10.0,-49.0,Run,Rush,2.0,Frankie Negrini,,,,,,,Spencer Kirin,Joshua Barnett,,,,,,,,,,,,,,,,,,,,,,,,,,,,,,13:33,1713,0,7,-7,3,3,3,,,,,,,
14,Muhlenberg,O,SUSQFB,1,,1.0,7.0,2.0,8.0,49.0,Pass,Complete,4.0,,Michael Ruisch,Complete,Kyle Good,,,,John Lohrer,,,,,,,,,,,,,,,,,,,,,,,,,,,,,,,13:33,1713,0,7,-7,3,3,3,,,,,,,
15,Muhlenberg,O,SUSQFB,1,,1.0,8.0,3.0,4.0,45.0,Pass,Incomplete,0.0,,Michael Ruisch,Incomplete,Samuel Darrell,,,,John Lohrer,,,,,,,,,,,,,,,,,,,,,,,,,,,,,,Punt,13:33,1713,0,7,-7,3,3,3,,,,,,,
16,Muhlenberg,K,SUSQFB,1,,,,4.0,4.0,45.0,Punt,Out of bounds,,,,,,,,,,,,,,,,,,,,,,,Clay Olley,35.0,10.0,Out of bounds,,,,,,,,,,,,,,13:33,1713,0,7,-7,3,3,3,,,,,,,
17,Muhlenberg,,MUHL,1,,,,1.0,10.0,-10.0,Penalty,Penalty,,,,,,,,,,,,,,,,,,,,,,,,,,,,,,,,,,,,,,,,08:36,1416,7,0,-7,3,3,3,false start,MUHL,Matt Rockensies,,,,5.0
18,Muhlenberg,D,MUHL,1,,2.0,1.0,0.0,15.0,-5.0,Pass,Complete,8.0,,Mich Hnatkowsky,Complete,Michael Feaster,,,,Craig Roumes,A. Scicchitano,,,,,,,,,,,,,,,,,,,,,,,,,,,,,,08:36,1416,7,0,-7,3,3,3,,,,,,,
19,Muhlenberg,D,MUHL,1,,2.0,2.0,2.0,7.0,-13.0,Run,Rush,2.0,Mich Hnatkowsky,,,,,,,Cameron Noble,Riley Gaughan,,,,,,,,,,,,,,,,,,,,,,,,,,,,,,08:36,1416,7,0,-7,3,3,3,face mask,SUSQFB,Cameron Noble,,,,15.0
20,Muhlenberg,D,MUHL,1,,2.0,3.0,1.0,10.0,-30.0,Pass,Complete,70.0,,Mich Hnatkowsky,Complete,Michael Feaster,,,,,,,,,,,,,,,,,,,,,,,,,,,,,,True,,,,TD,08:36,1416,7,0,-7,3,3,3,,,,,,,
21,Muhlenberg,K,MUHL,1,,,,1.0,3.0,3.0,Extra Pt. Block,Good,,,,,,,,,,,,,,,,,,,,,,,,,,,,Nick Stannard,,,Good,,,,,,,,,07:36,1356,13,0,-13,3,3,3,,,,,,,
22,Muhlenberg,K,MUHL,1,,,,1.0,10.0,-35.0,KO Ret,Return,,,,,,,,,Owen Daddona,Tyler Ekstrom,,,,,,Kyle Howes,16,25.0,Nick Stannard,56.0,9.0,Return,,,,,,,,,,,,,,,,,,07:36,1356,14,0,-14,3,3,3,,,,,,,
23,Muhlenberg,O,SUSQFB,1,,2.0,1.0,0.0,10.0,-25.0,Run,Rush,1.0,Frankie Negrini,,,,,,,Tyler Magee,Joshua Barnett,,,,,,,,,,,,,,,,,,,,,,,,,,,,,,07:30,1350,0,14,-14,3,3,3,,,,,,,
24,Muhlenberg,O,SUSQFB,1,,2.0,2.0,2.0,9.0,-26.0,Pass,Incomplete,0.0,,Michael Ruisch,Incomplete,Michael Lefever,,,,,,,,,,,,,,,,,,,,,,,,,,,,,,,,,,,07:30,1350,0,14,-14,3,3,3,,,,,,,
25,Muhlenberg,O,SUSQFB,1,,2.0,3.0,3.0,9.0,-26.0,Pass,Sack,-10.0,,Michael Ruisch,Sack,,,,,Alex Jr Batista,,,,,,,,,,,,,,,,,,,,,,,,,,,,,,Punt,07:30,1350,0,14,-14,3,3,3,,,,,,,
26,Muhlenberg,K,SUSQFB,1,,,,4.0,19.0,-16.0,Punt,,,,,,,,,,,,,,,,,,,,,,,,Clay Olley,44.0,40.0,,,,,,,,,,,,,,,07:30,1350,0,14,-14,3,3,3,,,,,,,
27,Muhlenberg,D,MUHL,1,,3.0,1.0,0.0,10.0,-40.0,Run,Rush,1.0,Rory DeLuca,,,,,,,B. Krumenacker,,,,,,,,,,,,,,,,,,,,,,,,,,,,,,,06:01,1261,14,0,-14,3,3,3,,,,,,,
28,Muhlenberg,D,MUHL,1,,3.0,2.0,2.0,9.0,-41.0,Run,Rush,2.0,Rory DeLuca,,,,,,,Craig Roumes,A. Scicchitano,,,,,,,,,,,,,,,,,,,,,,,,,,,,,,06:01,1261,14,0,-14,3,3,3,,,,,,,
29,Muhlenberg,D,MUHL,1,,3.0,3.0,3.0,7.0,-43.0,Pass,Sack,-6.0,,Mich Hnatkowsky,Sack,,,,,D. Barefield,,,,,,,,,,,,,,,,,,,,,,,,,,,,,,Punt,06:01,1261,14,0,-14,3,3,3,,,,,,,
30,Muhlenberg,K,MUHL,1,,,,4.0,13.0,-37.0,Punt Ret,Fair Catch,,,,,,,,,,,,,,,,,,,,,,,Kevin Olifiers,31.0,32.0,Fair Catch,,,,,,,,,,,,,,06:01,1261,14,0,-14,3,3,3,,,,,,,
31,Muhlenberg,O,SUSQFB,1,,3.0,1.0,0.0,10.0,-32.0,Run,Rush,2.0,Michael Ruisch,,,,,,,Matt Papa,,,,,,,,,,,,,,,,,,,,,,,,,,,,,,,04:05,1145,0,14,-14,3,3,3,,,,,,,
32,Muhlenberg,O,SUSQFB,1,,3.0,2.0,2.0,8.0,-34.0,Pass,Incomplete,0.0,,Michael Ruisch,Incomplete,Frankie Negrini,,,,Nick Sirico,,,,,,,,,,,,,,,,,,,,,,,,,,,,,,,04:05,1145,0,14,-14,3,3,3,,,,,,,
33,Muhlenberg,O,SUSQFB,1,,3.0,3.0,3.0,8.0,-34.0,Pass,Incomplete,0.0,,Michael Ruisch,Incomplete,Eddie Nugent,,,,,,,,,,,,,,,,,,,,,,,,,,,,,,,,,,Punt,04:05,1145,0,14,-14,3,3,3,,,,,,,
34,Muhlenberg,K,SUSQFB,1,,,,4.0,8.0,-34.0,Punt,Return,,,,,,,,,Keith Green,B. Krumenacker,,,,,,Tim Fitzpatrick,3,35.0,,,,,Clay Olley,34.0,32.0,Return,,,,,,,,,,,,,,04:05,1145,0,14,-14,3,3,3,,,,,,,
35,Muhlenberg,D,MUHL,1,,4.0,1.0,0.0,10.0,-35.0,Pass,Complete,15.0,,Mich Hnatkowsky,Complete,Michael Feaster,,,,Andrew Wells,Aaron Beverly,,,,,,,,,,,,,,,,,,,,,,,,,,,,,,03:06,1086,14,0,-14,3,3,3,,,,,,,
36,Muhlenberg,D,MUHL,1,,4.0,2.0,1.0,10.0,-50.0,Run,Rush,12.0,Ethan Brader,,,,,,,Drew Robinson,Andrew Wells,,,,,,,,,,,,,,,,,,,,,,,,,,,,,,03:06,1086,14,0,-14,3,3,3,,,,,,,
37,Muhlenberg,D,MUHL,1,,4.0,3.0,1.0,10.0,38.0,Pass,Complete,13.0,,Mich Hnatkowsky,Complete,Ethan Brader,,,,Craig Roumes,,,,,,,,,,,,,,,,,,,,,,,,,,,,,,,03:06,1086,14,0,-14,3,3,3,,,,,,,
38,Muhlenberg,D,MUHL,1,,4.0,4.0,1.0,10.0,25.0,Run,Rush,4.0,Thomas Jenkins,,,,,,,B. Krumenacker,Drew Robinson,,,,,,,,,,,,,,,,,,,,,,,,,,,,,,03:06,1086,14,0,-14,3,3,3,,,,,,,
39,Muhlenberg,D,MUHL,1,,4.0,5.0,2.0,6.0,21.0,Run,Rush,4.0,Ethan Brader,,,,,,,Sal Gurnari,Drew Robinson,,,,,,,,,,,,,,,,,,,,,,,,,,,,,,03:06,1086,14,0,-14,3,3,3,,,,,,,
40,Muhlenberg,D,MUHL,1,,4.0,6.0,3.0,2.0,17.0,Pass,Complete,1.0,,Mich Hnatkowsky,Complete,James Nye,,,,B. Krumenacker,Craig Roumes,,,,,,,,,,,,,,,,,,,,,,,,,,,,,,03:06,1086,14,0,-14,3,3,3,,,,,,,
41,Muhlenberg,D,MUHL,2,,4.0,7.0,4.0,1.0,16.0,Pass,Complete,16.0,,Mich Hnatkowsky,Complete,Michael Feaster,,,,,,,,,,,,,,,,,,,,,,,,,,,,,,True,,,,TD,15:00,900,14,0,-14,3,3,3,,,,,,,
42,Muhlenberg,K,MUHL,2,,,,1.0,3.0,3.0,Extra Pt. Block,Good,,,,,,,,,,,,,,,,,,,,,,,,,,,,Nick Stannard,,,Good,,,,,,,,,14:15,855,20,0,-20,3,3,3,,,,,,,
43,Muhlenberg,K,MUHL,2,,,,1.0,10.0,-35.0,KO Ret,Return,,,,,,,,,Isaiah Lobelo,,,,,,,Samuel Darrell,21,30.0,Nick Stannard,56.0,9.0,Return,,,,,,,,,,,,,,,,,,14:15,855,21,0,-21,3,3,3,,,,,,,
44,Muhlenberg,O,SUSQFB,2,,4.0,1.0,0.0,10.0,-30.0,Run,Rush,22.0,Frankie Negrini,,,,,,,Spencer Kirin,,,,,,,,,,,,,,,,,,,,,,,,,,,,,,,14:10,850,0,21,-21,3,3,3,,,,,,,
45,Muhlenberg,O,SUSQFB,2,,4.0,2.0,1.0,10.0,48.0,Run,Rush,-2.0,Frankie Negrini,,,,,,,Matt Papa,,,,,,,,,,,,,,,,,,,,,,,,,,,,,,,14:10,850,0,21,-21,3,3,3,,,,,,,
46,Muhlenberg,O,SUSQFB,2,,4.0,3.0,2.0,12.0,-50.0,Pass,Complete,19.0,,Michael Ruisch,Complete,Eddie Nugent,,,,Spencer Kirin,Kyle Dormer,,,,,,,,,,,,,,,,,,,,,,,,,,,,,,14:10,850,0,21,-21,3,3,3,,,,,,,
47,Muhlenberg,O,SUSQFB,2,,4.0,4.0,1.0,10.0,31.0,Run,Rush,-2.0,Michael Ruisch,,,,,,,Joshua Barnett,Isaiah Lobelo,,,,,,,,,,,,,,,,,,,,,,,,,,,,,,14:10,850,0,21,-21,3,3,3,,,,,,,
48,Muhlenberg,O,SUSQFB,2,,4.0,5.0,2.0,12.0,33.0,Pass,Incomplete,0.0,,Michael Ruisch,Incomplete,Eddie Nugent,,,,,,,,,,,,,,,,,,,,,,,,,,,,,,,,,,,14:10,850,0,21,-21,3,3,3,,,,,,,
49,Muhlenberg,O,SUSQFB,2,,4.0,6.0,3.0,12.0,33.0,Run,Rush,-1.0,Michael Ruisch,,,,,,,Michael Dotro,Jame McGettigan,,,,,,,,,,,,,,,,,,,,,,,,,,,,,,14:10,850,0,21,-21,3,3,3,,,,,,,
50,Muhlenberg,O,SUSQFB,2,,4.0,7.0,4.0,13.0,34.0,Pass,Complete,34.0,,Michael Ruisch,Complete,Michael Lefever,,,,,,,,,,,,,,,,,,,,,,,,,,,,,,True,,,,TD,14:10,850,0,21,-21,3,3,3,,,,,,,
51,Muhlenberg,K,SUSQFB,2,,,,1.0,3.0,3.0,Extra Pt.,Good,,,,,,,,,,,,,,,,,,,,,,,,,,,,Elijah Hoffman,,,Good,,,,,,,,,10:42,642,6,21,-15,3,3,3,,,,,,,
52,Muhlenberg,K,SUSQFB,2,,,,1.0,10.0,-35.0,KO,Return,,,,,,,,,Julian Young,Tim Macko,,,,,,John Washington,18,24.0,Elijah Hoffman,59.0,6.0,Return,,,,,,,,,,,,,,,,,,10:42,642,7,21,-14,3,3,3,,,,,,,
53,Muhlenberg,D,MUHL,2,,5.0,1.0,0.0,10.0,-24.0,Pass,Complete,4.0,,Mich Hnatkowsky,Complete,Michael Feaster,,,,,,,,,,,,,,,,,,,,,,,,,,,,,,,,,,,10:34,634,21,7,-14,3,3,3,,,,,,,
54,Muhlenberg,D,MUHL,2,,5.0,2.0,2.0,6.0,-28.0,Pass,Complete,9.0,,Mich Hnatkowsky,Complete,Mitch Daniel,,,,,,,,,,,,,,,,,,,,,,,,,,,,,,,,,,,10:34,634,21,7,-14,3,3,3,,,,,,,
55,Muhlenberg,D,MUHL,2,,5.0,3.0,1.0,10.0,-37.0,Run,Rush,6.0,Thomas Jenkins,,,,,,,Sal Gurnari,,,,,,,,,,,,,,,,,,,,,,,,,,,,,,,10:34,634,21,7,-14,3,3,3,,,,,,,
56,Muhlenberg,D,MUHL,2,,5.0,4.0,2.0,4.0,-43.0,Pass,Complete,18.0,,Mich Hnatkowsky,Complete,Thomas Jenkins,,,,Naphtali Stine,,,,,,,,,,,,,,,,,,,,,,,,,,,,,,,10:34,634,21,7,-14,3,3,3,,,,,,,
57,Muhlenberg,,MUHL,2,,,,1.0,10.0,39.0,Timeout,Timeout,,,,,,,,,,,,,,,,,,,,,,,,,,,,,,,,,Muhlenberg,,,,,,,10:34,634,21,7,-14,3,3,3,,,,,,,
58,Muhlenberg,D,MUHL,2,,5.0,5.0,1.0,10.0,39.0,Run,Rush,1.0,Ethan Brader,,,,,,,Sal Gurnari,Riley Gaughan,,,,,,,,,,,,,,,,,,,,,,,,,,,,,,08:15,495,21,7,-14,3,2,3,,,,,,,
59,Muhlenberg,D,MUHL,2,,5.0,6.0,2.0,9.0,38.0,Pass,Complete,11.0,,Ethan Brader,Complete,Mitch Daniel,,,,,,,,,,,,,,,,,,,,,,,,,,,,,,,,,,,08:15,495,21,7,-14,3,2,3,,,,,,,
60,Muhlenberg,D,MUHL,2,,5.0,7.0,1.0,10.0,27.0,Pass,Complete,27.0,,Mich Hnatkowsky,Complete,Mitch Daniel,,,,,,,,,,,,,,,,,,,,,,,,,,,,,,True,,,,TD,08:15,495,21,7,-14,3,2,3,,,,,,,
61,Muhlenberg,K,MUHL,2,,,,1.0,3.0,3.0,Extra Pt. Block,Good,,,,,,,,,,,,,,,,,,,,,,,,,,,,Nick Stannard,,,Good,,,,,,,,,06:58,418,27,7,-20,3,2,3,,,,,,,
62,Muhlenberg,K,MUHL,2,,,,1.0,10.0,-35.0,KO Ret,Return,,,,,,,,,Thomas Murphy,,,,,,,Samuel Darrell,27,34.0,Nick Stannard,58.0,7.0,Return,,,,,,,,,,,,,,,,,,06:58,418,28,7,-21,3,2,3,,,,,,,
63,Muhlenberg,O,SUSQFB,2,,5.0,1.0,0.0,10.0,-34.0,Run,Rush,3.0,Gavin Coles,,,,,,,Keshon Davila,Owen Daddona,,,,,,,,,,,,,,,,,,,,,,,,,,,,,,06:49,409,7,28,-21,3,3,2,,,,,,,
64,Muhlenberg,O,SUSQFB,2,,5.0,2.0,2.0,7.0,-37.0,Pass,Complete,7.0,,Michael Ruisch,Complete,Bryce Ellinger,,,,John Washington,,,,,,,,,,,,,,,,,,,,,,,,,,,,,,,06:49,409,7,28,-21,3,3,2,,,,,,,
65,Muhlenberg,O,SUSQFB,2,,5.0,3.0,1.0,10.0,-44.0,Pass,Complete,4.0,,Michael Ruisch,Complete,Michael Lefever,,,,Spencer Kirin,,,,,,,,,,,,,,,,,,,,,,,,,,,,,,,06:49,409,7,28,-21,3,3,2,,,,,,,
66,Muhlenberg,O,SUSQFB,2,,5.0,4.0,2.0,14.0,-40.0,Pass,Incomplete,0.0,,Michael Ruisch,Incomplete,Kyle Good,,,,,,,,,,,,,,,,,,,,,,,,,,,,,,,,,,,06:49,409,7,28,-21,3,3,2,,,,,,,
67,Muhlenberg,O,SUSQFB,2,,5.0,5.0,3.0,14.0,-40.0,Pass,Complete,60.0,,Michael Ruisch,Complete,Bryce Ellinger,,,,,,,,,,,,,,,,,,,,,,,,,,,,,,True,,,,,06:49,409,7,28,-21,3,3,2,,,,,,,
68,Muhlenberg,K,SUSQFB,2,,,,1.0,3.0,3.0,KO,Return,,,,,,,,,Naphtali Stine,Tim Macko,,,,,,John Washington,31,38.0,Elijah Hoffman,4.0,7.0,Return,,,,,,,,,,,,,,,,,,04:49,289,13,28,-15,3,3,2,,,,,,,
69,Muhlenberg,O,SUSQFB,2,,6.0,1.0,0.0,10.0,38.0,Run,Rush,4.0,Ethan rush Brader,,,,,,,B. Krumenacker,Aaron Beverly,,,,,,,,,,,,,,,,,,,,,,,,,,,,,,04:42,282,13,28,-15,3,3,2,,,,,,,
70,Muhlenberg,O,SUSQFB,2,,6.0,2.0,2.0,6.0,42.0,Pass,Complete,8.0,,Mich pass Hnatkowsky,Complete,Michael for Feaster,,,,Aaron Beverly,,,,,,,,,,,,,,,,,,,,,,,,,,,,,,,04:42,282,13,28,-15,3,3,2,,,,,,,
71,Muhlenberg,O,SUSQFB,2,,6.0,3.0,1.0,10.0,50.0,Pass,Complete,6.0,,Mich pass Hnatkowsky,Complete,Michael for Feaster,,,,Aaron Beverly,,,,,,,,,,,,,,,,,,,,,,,,,,,,,,,04:42,282,13,28,-15,3,3,2,,,,,,,
72,Muhlenberg,O,SUSQFB,2,,6.0,4.0,2.0,4.0,-44.0,Pass,Complete,6.0,,Mich pass Hnatkowsky,Complete,Thomas for Murphy,,,,Andrew Wells,,,,,,,,,,,,,,,,,,,,,,,,,,,,,,,04:42,282,13,28,-15,3,3,2,,,,,,,
73,Muhlenberg,O,SUSQFB,2,,6.0,5.0,1.0,10.0,-38.0,Run,Rush,2.0,Ethan rush Brader,,,,,,,Keith Green,,,,,,,,,,,,,,,,,,,,,,,,,,,,,,,04:42,282,13,28,-15,3,3,2,,,,,,,
74,Muhlenberg,O,SUSQFB,2,,6.0,6.0,2.0,8.0,-36.0,Pass,Complete,35.0,,Mich pass Hnatkowsky,Complete,Thomas for Jenkins,,,,Julian Young,,,,,,,,,,,,,,,,,,,,,,,,,,,,,,,04:42,282,13,28,-15,3,3,2,,,,,,,
75,Muhlenberg,O,SUSQFB,2,,6.0,7.0,1.0,-1.0,-1.0,Run,Rush,0.0,Ethan rush Brader,,,,,,,Cameron Noble,,,,,,,,,,,,,,,,,,,,,,,,,,,,,,,04:42,282,13,28,-15,3,3,2,,,,,,,
76,Muhlenberg,,SUSQFB,2,,,,2.0,-1.0,-1.0,Timeout,Timeout,,,,,,,,,,,,,,,,,,,,,,,,,,,,,,,,,Susquehanna,,,,,,,04:42,282,13,28,-15,3,3,2,,,,,,,
77,Muhlenberg,O,SUSQFB,2,,6.0,8.0,2.0,-1.0,-1.0,Run,Rush,-1.0,Ethan rush Brader,,,,,,,Drew Robinson,A. Scicchitano,,,,,,,,,,,,,,,,,,,,,,,,,,,,,,01:11,71,13,28,-15,2,2,2,,,,,,,
78,Muhlenberg,O,SUSQFB,2,,6.0,9.0,3.0,-2.0,-2.0,Run,Rush,1.0,Ethan rush Brader,,,,,,,Cameron Noble,Drew Robinson,,,,,,,,,,,,,,,,,,,,,,,,,,,,,FG,01:11,71,13,28,-15,2,2,2,,,,,,,
79,Muhlenberg,,SUSQFB,2,,,,4.0,-1.0,-1.0,Timeout,Timeout,,,,,,,,,,,,,,,,,,,,,,,,,,,,,,,,,Susquehanna,,,,,,,01:11,71,13,28,-15,2,2,2,,,,,,,
80,Muhlenberg,,SUSQFB,2,,,,4.0,-1.0,-1.0,Penalty,Penalty,,,,,,,,,,,,,,,,,,,,,,,,,,,,,,,,,,,,,,,,00:27,27,13,28,-15,1,1,2,delay of game,MUHL,,,,,5.0
81,Muhlenberg,K,SUSQFB,2,,,,4.0,-6.0,-6.0,FG,Good,,,,,,,,,,,,,,,,,,,,,,,,,,,,Nick field Stannard,23.0,Good,,,,,,,,,,00:27,27,13,28,-15,1,1,2,,,,,,,
82,Muhlenberg,K,SUSQFB,2,,,,1.0,10.0,35.0,KO,Return,,,,,,,,,Isaiah Lobelo,Spencer Kirin,,,,,,,26,-32.0,Nick kickoff Stannard,59.0,-6.0,Return,,,,,,,,,,,,,,,,,,00:23,23,16,28,-12,1,1,2,,,,,,,
83,Muhlenberg,D,MUHL,2,,6.0,1.0,0.0,10.0,32.0,Run,Rush,2.0,,,,,,,,Spencer Kirin,,,,,,,,,,,,,,,,,,,,,,,,,,,,,,Half,00:18,18,28,16,-12,1,2,1,,,,,,,
84,Muhlenberg,K,MUHL,3,,,,,,,KO Ret,Return,,,,,,,,,John Lohrer,,,,,,,Samuel Darrell,22,25.0,Nick Stannard,62.0,3.0,Return,,,,,,,,,,,,,,,,,,15:00,1800,28,16,-12,3,3,3,,,,,,,
85,Muhlenberg,O,SUSQFB,3,,7.0,1.0,0.0,10.0,-25.0,Pass,Complete,15.0,,Michael Ruisch,Complete,Michael Lefever,,,,Tyler Magee,Spencer Kirin,,,,,,,,,,,,,,,,,,,,,,,,,,,,,,15:00,1800,16,28,-12,3,3,3,,,,,,,
86,Muhlenberg,O,SUSQFB,3,,7.0,2.0,1.0,10.0,-40.0,Pass,Complete,15.0,,Michael Ruisch,Complete,Michael Lefever,,,,Kyle Dormer,,,,,,,,,,,,,,,,,,,,,,,,,,,,,,,15:00,1800,16,28,-12,3,3,3,,,,,,,
87,Muhlenberg,O,SUSQFB,3,,7.0,3.0,1.0,10.0,45.0,Run,Rush,0.0,Frankie Negrini,,,,,,,Isaiah Lobelo,Josh Ferro,,,,,,,,,,,,,,,,,,,,,,,,,,,,,,15:00,1800,16,28,-12,3,3,3,,,,,,,
88,Muhlenberg,O,SUSQFB,3,,7.0,4.0,2.0,10.0,45.0,Pass,Complete,6.0,,Michael Ruisch,Complete,Samuel Darrell,,,,John Washington,,,,,,,,,,,,,,,,,,,,,,,,,,,,,,,15:00,1800,16,28,-12,3,3,3,,,,,,,
89,Muhlenberg,O,SUSQFB,3,,7.0,5.0,3.0,4.0,39.0,Run,Rush,13.0,Frankie Negrini,,,,,,,Joshua Barnett,,,,,,,,,,,,,,,,,,,,,,,,,,,,,,,15:00,1800,16,28,-12,3,3,3,,,,,,,
90,Muhlenberg,O,SUSQFB,3,,7.0,6.0,1.0,10.0,26.0,Pass,Incomplete,0.0,,Michael Ruisch,Incomplete,Samuel Darrell,,,,John Washington,,,,,,,,,,,,,,,,,,,,,,,,,,,True,,,,15:00,1800,16,28,-12,3,3,3,pass interference,MUHL,John Washington,,,,15.0
91,Muhlenberg,O,SUSQFB,3,,7.0,7.0,1.0,10.0,11.0,Run,Rush,11.0,Michael Ruisch,,,,,,,,,,,,,,,,,,,,,,,,,,,,,,,,,True,,,,TD,15:00,1800,16,28,-12,3,3,3,,,,,,,
92,Muhlenberg,K,SUSQFB,3,,,,1.0,3.0,3.0,Extra Pt.,Good,,,,,,,,,,,,,,,,,,,,,,,,,,,,Elijah Hoffman,,,Good,,,,,,,,,11:47,1607,22,28,-6,3,3,3,,,,,,,
93,Muhlenberg,K,SUSQFB,3,,,,1.0,10.0,-35.0,KO,Return,,,,,,,,,,,,,,,,Thomas Jenkins,86,-4.0,Elijah Hoffman,55.0,10.0,Return,,,,,,,,,,,,,,,,,,11:47,1607,23,28,-5,3,3,3,unsportmanlike conduct,MUHL,Thomas Jenkins,,,,15.0
94,Muhlenberg,D,MUHL,3,,7.0,1.0,0.0,10.0,19.0,Pass,Incomplete,0.0,,Mich Hnatkowsky,Incomplete,Thomas Jenkins,,,,Andrew Wells,,,,,,,,,,,,,,,,,,,,,,,,,,,,,,,11:47,1607,28,23,-5,3,3,3,,,,,,,
95,Muhlenberg,D,MUHL,3,,7.0,2.0,2.0,10.0,19.0,Pass,Complete,19.0,,Mich Hnatkowsky,Complete,Mitch Daniel,,,,,,,,,,,,,,,,,,,,,,,,,,,,,,True,,,,TD,11:47,1607,28,23,-5,3,3,3,,,,,,,
96,Muhlenberg,K,MUHL,3,,,,1.0,3.0,3.0,Extra Pt. Block,Good,,,,,,,,,,,,,,,,,,,,,,,,,,,,Nick Stannard,,,Good,,,,,,,,,11:03,1563,34,23,-11,3,3,3,,,,,,,
97,Muhlenberg,K,MUHL,3,,,,1.0,10.0,-35.0,KO Ret,Return,,,,,,,,,Owen Daddona,J Ramirez-Rojas,,,,,,Samuel Darrell,26,36.0,Nick Stannard,55.0,10.0,Return,,,,,,,,,,,,,,,,,,11:03,1563,35,23,-12,3,3,3,,,,,,,
98,Muhlenberg,O,SUSQFB,3,,8.0,1.0,0.0,10.0,-36.0,Pass,Incomplete,0.0,,Michael Ruisch,Incomplete,Michael Lefever,,,,,,,,,,,,,,,,,,,,,,,,,,,,,,,,,,,11:03,1563,23,35,-12,3,3,3,,,,,,,
99,Muhlenberg,O,SUSQFB,3,,8.0,2.0,2.0,10.0,-36.0,Run,Rush,5.0,Michael Ruisch,,,,,,,Tyler Magee,Matt Papa,,,,,,,,,,,,,,,,,,,,,,,,,,,,,,11:03,1563,23,35,-12,3,3,3,,,,,,,
100,Muhlenberg,O,SUSQFB,3,,8.0,3.0,3.0,5.0,-41.0,Pass,Incomplete,0.0,,Michael Ruisch,Incomplete,Kyle Good,,,,Nick Sirico,,,,,,,,,,,,,,,,,,,,,,,,,,,,,,Punt,11:03,1563,23,35,-12,3,3,3,,,,,,,
101,Muhlenberg,K,SUSQFB,3,,,,4.0,5.0,-41.0,Punt,Return,,,,,,,,,Naphtali Stine,,,,,,,Tim Fitzpatrick,2,16.0,,,,,Clay Olley,45.0,14.0,Return,,,,,,,,,,,,,,11:03,1563,23,35,-12,3,3,3,,,,,,,
102,Muhlenberg,D,MUHL,3,,8.0,1.0,0.0,10.0,-16.0,Pass,Complete,5.0,,Mich Hnatkowsky,Complete,Thomas Jenkins,,,,Craig Roumes,,,,,,,,,,,,,,,,,,,,,,,,,,,,,,,10:09,1509,35,23,-12,3,3,3,,,,,,,
103,Muhlenberg,D,MUHL,3,,8.0,2.0,2.0,15.0,-11.0,Pass,Complete,13.0,,Mich Hnatkowsky,Complete,Thomas Jenkins,,,,Keith Green,,,,,,,,,,,,,,,,,,,,,,,,,,,,,,,10:09,1509,35,23,-12,3,3,3,,,,,,,
104,Muhlenberg,D,MUHL,3,,8.0,3.0,3.0,2.0,-24.0,Pass,Complete,17.0,,Mich Hnatkowsky,Complete,Thomas Murphy,,,,Aaron Beverly,,,,,,,,,,,,,,,,,,,,,,,,,,,,,,,10:09,1509,35,23,-12,3,3,3,,,,,,,
105,Muhlenberg,D,MUHL,3,,8.0,4.0,1.0,10.0,-41.0,Run,Rush,4.0,Michael Feaster,,,,,,,Riley Gaughan,David Gilchrist,,,,,,,,,,,,,,,,,,,,,,,,,,,,,,10:09,1509,35,23,-12,3,3,3,,,,,,,
106,Muhlenberg,D,MUHL,3,,8.0,5.0,2.0,6.0,-45.0,Pass,Incomplete,0.0,,Mich Hnatkowsky,Incomplete,Thomas Murphy,,,,,,,,,,,,,,,,,,,,,,,,,,,,,,,,,,,10:09,1509,35,23,-12,3,3,3,,,,,,,
107,Muhlenberg,D,MUHL,3,,8.0,6.0,3.0,6.0,-45.0,Pass,Complete,19.0,,Mich Hnatkowsky,Complete,Michael Feaster,,,,Craig Roumes,,,,,,,,,,,,,,,,,,,,,,,,,,,,,,,10:09,1509,35,23,-12,3,3,3,,,,,,,
108,Muhlenberg,D,MUHL,3,,8.0,7.0,1.0,10.0,36.0,Run,Rush,16.0,Ethan Brader,,,,,,,Andrew Wells,Julian Young,,,,,,,,,,,,,,,,,,,,,,,,,,,,,,10:09,1509,35,23,-12,3,3,3,,,,,,,
109,Muhlenberg,D,MUHL,3,,8.0,8.0,1.0,10.0,20.0,Run,Rush,0.0,Ethan Brader,,,,,,,Sal Gurnari,,,,,,,,,,,,,,,,,,,,,,,,,,,,,,,10:09,1509,35,23,-12,3,3,3,,,,,,,
110,Muhlenberg,D,MUHL,3,,8.0,9.0,2.0,10.0,20.0,Pass,Complete,5.0,,Mich Hnatkowsky,Complete,Mitch Daniel,,,,Julian Young,,,,,,,,,,,,,,,,,,,,,,,,,,,,,,,10:09,1509,35,23,-12,3,3,3,,,,,,,
111,Muhlenberg,,MUHL,3,,,,3.0,5.0,15.0,Penalty,Penalty,,,,,,,,,,,,,,,,,,,,,,,,,,,,,,,,,,,,,,,,10:09,1509,35,23,-12,3,3,3,false start,MUHL,Thomas Murphy,,,,5.0
112,Muhlenberg,D,MUHL,3,,8.0,10.0,3.0,10.0,20.0,Pass,Complete,13.0,,Mich Hnatkowsky,Complete,Mitch Daniel,,,,David Gilchrist,,,,,,,,,,,,,,,,,,,,,,,,,,,,,,,10:09,1509,35,23,-12,3,3,3,,,,,,,
113,Muhlenberg,D,MUHL,3,,8.0,11.0,1.0,7.0,7.0,Run,Rush,-4.0,Michael Feaster,,,,,,,B. Krumenacker,Drew Robinson,,,,,,,,,,,,,,,,,,,,,,,,,,,,,,10:09,1509,35,23,-12,3,3,3,,,,,,,
114,Muhlenberg,,MUHL,3,,,,2.0,11.0,11.0,Timeout,Timeout,,,,,,,,,,,,,,,,,,,,,,,,,,,,,,,,,Muhlenberg,,,,,,,10:09,1509,35,23,-12,3,3,3,,,,,,,
115,Muhlenberg,D,MUHL,3,,8.0,12.0,2.0,11.0,11.0,Pass,Complete,11.0,,Mich Hnatkowsky,Complete,Mitch Daniel,,,,,,,,,,,,,,,,,,,,,,,,,,,,,,True,,,,TD,03:16,1096,35,23,-12,3,2,3,,,,,,,
116,Muhlenberg,K,MUHL,3,,,,1.0,3.0,3.0,Extra Pt. Block,Good,,,,,,,,,,,,,,,,,,,,,,,,,,,,Nick Stannard,,,Good,,,,,,,,,03:08,1088,41,23,-18,3,2,3,,,,,,,
117,Muhlenberg,K,MUHL,3,,,,1.0,10.0,-35.0,KO Ret,Fair Catch,,,,,,,,,,,,,,,,,,,Nick Stannard,46.0,19.0,Fair Catch,,,,,,,,,,,,,,,,,,03:08,1088,42,23,-19,3,2,3,,,,,,,
118,Muhlenberg,O,SUSQFB,3,,9.0,1.0,0.0,10.0,-19.0,Pass,Incomplete,0.0,,Michael Ruisch,Incomplete,Frankie Negrini,,,,,,,,,,,,,,,,,,,,,,,,,,,,,,,,,,,03:08,1088,23,42,-19,3,3,2,,,,,,,
119,Muhlenberg,O,SUSQFB,3,,9.0,2.0,2.0,10.0,-19.0,Pass,Incomplete,0.0,,Michael Ruisch,Incomplete,Michael Lefever,,,,,,,,,,,,,,,,,,,,,,,,,,,,,,,,,,,03:08,1088,23,42,-19,3,3,2,,,,,,,
120,Muhlenberg,O,SUSQFB,3,,9.0,3.0,3.0,10.0,-19.0,Run,Rush,13.0,Michael Ruisch,,,,,,,Conor Vatcher,,,,,,,,,,,,,,,,,,,,,,,,,,,,,,,03:08,1088,23,42,-19,3,3,2,,,,,,,
121,Muhlenberg,O,SUSQFB,3,,9.0,4.0,1.0,10.0,-32.0,Pass,Incomplete,0.0,,Michael Ruisch,Incomplete,Kyle Good,,,,,,,,,,,,,,,,,,,,,,,,,,,,,,,,,,Unknown,03:08,1088,23,42,-19,3,3,2,,,,,,,
122,Muhlenberg,D,MUHL,3,,9.0,1.0,0.0,10.0,32.0,Run,Rush,-4.0,,,,,,,,Rory DeLuca,TEAM,,,,,,,,,,,,,,,,,,,,,,,,,,,,,,02:16,1036,42,23,-19,3,2,3,,,,,,,
123,Muhlenberg,,MUHL,3,,,,3.0,14.0,28.0,Penalty,Penalty,,,,,,,,,,,,,,,,,,,,,,,,,,,,,,,,,,,,,,,,02:16,1036,42,23,-19,3,2,3,false start,MUHL,Matt Rockensies,,,,5.0
124,Muhlenberg,D,MUHL,3,,9.0,2.0,2.0,11.0,33.0,Run,Rush,4.0,,,,,,,,TEAM,TEAM,,,,,,,,,,,,,,,,,,,,,,,,,,,,,,02:16,1036,42,23,-19,3,2,3,,,,,,,
125,Muhlenberg,D,MUHL,3,,9.0,3.0,3.0,7.0,37.0,Pass,Sack,-4.0,,,Sack,,,,,TEAM,,,,,,,,,,,,,,,,,,,,,,,,,,,,,,Punt,02:16,1036,42,23,-19,3,2,3,holding declined,MUHL,Rory DeLuca,,,,4.0
126,Muhlenberg,,MUHL,3,,,,4.0,19.0,37.0,Penalty,Penalty,,,,,,,,,,,,,,,,,,,,,,,,,,,,,,,,,,,,,,,,02:16,1036,42,23,-19,3,2,3,delay of game,MUHL,Mich Hnatkowsky,,,,9.0
127,Muhlenberg,K,MUHL,4,,,,1.0,10.0,46.0,Punt Ret,Fair Catch,,,,,,,,,,,,,,,,,,,,,,,Kevin Olifiers,33.0,13.0,Fair Catch,,,,,,,,,,,,,,15:00,900,42,23,-19,3,2,3,,,,,,,
128,Muhlenberg,O,SUSQFB,4,,10.0,1.0,0.0,10.0,-13.0,Pass,Sack,-3.0,,M. Giancaspro,Sack,,,,,Josh Ferro,,,,,,,,,,,,,,,,,,,,,,,,,,,,,,,14:54,894,23,42,-19,3,3,2,,,,,,,
129,Muhlenberg,O,SUSQFB,4,,10.0,2.0,2.0,13.0,-10.0,Run,Rush,23.0,Frankie Negrini,,,,,,,Owen Daddona,,,,,,,,,,,,,,,,,,,,,,,,,,,,,,,14:54,894,23,42,-19,3,3,2,,,,,,,
130,Muhlenberg,O,SUSQFB,4,,10.0,3.0,1.0,10.0,-33.0,Pass,Incomplete,0.0,,M. Giancaspro,Incomplete,Samuel Darrell,,,,,,,,,,,,,,,,,,,,,,,,,,,,,,,,,,,14:54,894,23,42,-19,3,3,2,,,,,,,
131,Muhlenberg,O,SUSQFB,4,,10.0,4.0,2.0,10.0,-33.0,Pass,Complete,5.0,,M. Giancaspro,Complete,Michael Lefever,,,,Spencer Kirin,Nick Sirico,,,,,,,,,,,,,,,,,,,,,,,,,,,,,,14:54,894,23,42,-19,3,3,2,,,,,,,
132,Muhlenberg,O,SUSQFB,4,,10.0,5.0,3.0,5.0,-38.0,Pass,Incomplete,0.0,,M. Giancaspro,Incomplete,Kyle Good,,,,Nick Sirico,,,,,,,,,,,,,,,,,,,,,,,,,,,,,,,14:54,894,23,42,-19,3,3,2,,,,,,,
133,Muhlenberg,O,SUSQFB,4,,10.0,6.0,4.0,5.0,-38.0,Pass,Incomplete,0.0,,M. Giancaspro,Incomplete,Samuel Darrell,,,,,,,,,,,,,,,,,,,,,,,,,,,,,,,,,,Downs,14:54,894,23,42,-19,3,3,2,,,,,,,
134,Muhlenberg,D,MUHL,4,,10.0,1.0,0.0,10.0,38.0,Run,Rush,-1.0,Ethan Brader,,,,,,,A. Scicchitano,David Gilchrist,,,,,,,,,,,,,,,,,,,,,,,,,,,,,,12:28,748,42,23,-19,3,2,3,,,,,,,
135,Muhlenberg,D,MUHL,4,,10.0,2.0,2.0,11.0,39.0,Pass,Incomplete,0.0,,Mich Hnatkowsky,Incomplete,Thomas Jenkins,,,,David Gilchrist,,,,,,,,,,,,,,,,,,,,,,,,,,,,,,,12:28,748,42,23,-19,3,2,3,,,,,,,
136,Muhlenberg,D,MUHL,4,,10.0,3.0,3.0,11.0,39.0,Run,Rush,6.0,Ethan Brader,,,,,,,Keith Green,Sal Gurnari,,,,,,,,,,,,,,,,,,,,,,,,,,,,,,12:28,748,42,23,-19,3,2,3,,,,,,,
137,Muhlenberg,D,MUHL,4,,10.0,4.0,4.0,5.0,33.0,Pass,Complete,16.0,,Mich Hnatkowsky,Complete,Michael Feaster,,,,,,,,,,,,,,,,,,,,,,,,,,,,,,,,,,,12:28,748,42,23,-19,3,2,3,,,,,,,
138,Muhlenberg,D,MUHL,4,,10.0,5.0,1.0,10.0,17.0,Run,Rush,17.0,Ethan Brader,,,,,,,,,,,,,,,,,,,,,,,,,,,,,,,,,True,,,,TD,12:28,748,42,23,-19,3,2,3,,,,,,,
139,Muhlenberg,K,MUHL,4,,,,1.0,3.0,3.0,Extra Pt. Block,Good,,,,,,,,,,,,,,,,,,,,,,,,,,,,Nick Stannard,,,Good,,,,,,,,,10:21,621,48,23,-25,3,2,3,,,,,,,
140,Muhlenberg,K,MUHL,4,,,,1.0,10.0,-35.0,KO Ret,Return,,,,,,,,,Isaiah Lobelo,Derek Graichen,,,,,,Samuel Darrell,0,27.0,Nick Stannard,38.0,27.0,Return,,,,,,,,,,,,,,,,,,10:21,621,49,23,-26,3,2,3,,,,,,,
141,Muhlenberg,O,SUSQFB,4,,11.0,1.0,0.0,10.0,-27.0,Run,Rush,4.0,Frankie Negrini,,,,,,,Griffin Zobel,Steve Sanders,,,,,,,,,,,,,,,,,,,,,,,,,,,,,,10:14,614,23,49,-26,3,3,2,,,,,,,
142,Muhlenberg,O,SUSQFB,4,,11.0,2.0,2.0,6.0,-31.0,Run,Rush,8.0,Frankie Negrini,,,,,,,Joshua Barnett,,,,,,,,,,,,,,,,,,,,,,,,,,,,,,,10:14,614,23,49,-26,3,3,2,,,,,,,
143,Muhlenberg,O,SUSQFB,4,,11.0,3.0,1.0,10.0,-39.0,Run,Rush,1.0,Michael Ruisch,,,,,,,,,,,,,,,,,,,,,,,,,,,,,,,,,,,,,,10:14,614,23,49,-26,3,3,2,,,,,,,
144,Muhlenberg,O,SUSQFB,4,,11.0,4.0,2.0,9.0,-40.0,Run,Rush,13.0,Frankie Negrini,,,,,,,Joshua Barnett,Nick Sirico,,,,,,,,,,,,,,,,,,,,,,,,,,,,,,10:14,614,23,49,-26,3,3,2,,,,,,,
145,Muhlenberg,O,SUSQFB,4,,11.0,5.0,1.0,10.0,47.0,Pass,Incomplete,0.0,,Michael Ruisch,Incomplete,Jacob Erb,,,,,,,,,,,,,,,,,,,,,,,,,,,,,,,,,,,10:14,614,23,49,-26,3,3,2,,,,,,,
146,Muhlenberg,O,SUSQFB,4,,11.0,6.0,2.0,10.0,47.0,Pass,Complete,7.0,,Michael Ruisch,Complete,Jacob Erb,,,,Joshua Barnett,,,,,,,,,,,,,,,,,,,,,,,,,,,,,,,10:14,614,23,49,-26,3,3,2,,,,,,,
147,Muhlenberg,O,SUSQFB,4,,11.0,7.0,3.0,3.0,40.0,Run,Rush,5.0,Frankie Negrini,,,,,,,Jay McGill,Joshua Barnett,,,,,,,,,,,,,,,,,,,,,,,,,,,,,,10:14,614,23,49,-26,3,3,2,,,,,,,
148,Muhlenberg,,SUSQFB,4,,,,1.0,10.0,35.0,Timeout,Timeout,,,,,,,,,,,,,,,,,,,,,,,,,,,,,,,,,Susquehanna,,,,,,,10:14,614,23,49,-26,3,3,2,,,,,,,
149,Muhlenberg,O,SUSQFB,4,,11.0,8.0,1.0,10.0,35.0,Pass,Sack,-5.0,,Michael Ruisch,Sack,,,,,Josh Ferro,Jame McGettigan,,,,,,,,,,,,,,,,,,,,,,,,,,,,,,06:39,399,23,49,-26,2,2,2,,,,,,,
150,Muhlenberg,O,SUSQFB,4,,11.0,9.0,2.0,15.0,40.0,Pass,Complete,5.0,,Michael Ruisch,Complete,Kyle Good,,,,Spencer Kirin,,,,,,,,,,,,,,,,,,,,,,,,,,,,,,,06:39,399,23,49,-26,2,2,2,,,,,,,
151,Muhlenberg,O,SUSQFB,4,,11.0,10.0,3.0,10.0,35.0,Pass,Incomplete,0.0,,Michael Ruisch,Incomplete,Eddie Nugent,,,,Jay McGill,,,,,,,,,,,,,,,,,,,,,,,,,,,,,,,06:39,399,23,49,-26,2,2,2,,,,,,,
152,Muhlenberg,O,SUSQFB,4,,11.0,11.0,4.0,10.0,35.0,Pass,Incomplete,0.0,,Michael Ruisch,Incomplete,Michael Lefever,,,,Spencer Kirin,,,,,,,,,,,,,,,,,,,,,,,,,,,True,,,,06:39,399,23,49,-26,2,2,2,pass interference,MUHL,,,,,15.0
153,Muhlenberg,O,SUSQFB,4,,11.0,12.0,1.0,20.0,20.0,Run,Rush,4.0,Dashon Bundy,,,,,,,Isaiah Lobelo,,,,,,,,,,,,,,,,,,,,,,,,,,,,,,,06:39,399,23,49,-26,2,2,2,,,,,,,
154,Muhlenberg,O,SUSQFB,4,,11.0,13.0,1.0,10.0,16.0,Pass,Complete,10.0,,Michael Ruisch,Complete,Bryce Ellinger,,,,Spencer Kirin,Steve Sanders,,,,,,,,,,,,,,,,,,,,,,,,,,,,,,06:39,399,23,49,-26,2,2,2,,,,,,,
155,Muhlenberg,O,SUSQFB,4,,11.0,14.0,1.0,6.0,6.0,Run,Rush,6.0,Dashon Bundy,,,,,,,,,,,,,,,,,,,,,,,,,,,,,,,,,True,,,,TD,06:39,399,23,49,-26,2,2,2,,,,,,,
156,Muhlenberg,K,SUSQFB,4,,,,1.0,3.0,3.0,Extra Pt.,Good,,,,,,,,,,,,,,,,,,,,,,,,,,,,Elijah Hoffman,,,Good,,,,,,,,,03:47,227,29,49,-20,2,2,2,,,,,,,
157,Muhlenberg,K,SUSQFB,4,,,,1.0,10.0,-35.0,KO,Fair Catch,,,,,,,,,,,,,,,,,,,Elijah Hoffman,50.0,15.0,Fair Catch,,,,,,,,,,,,,,,,,,03:47,227,30,49,-19,2,2,2,,,,,,,
158,Muhlenberg,D,MUHL,4,,11.0,1.0,0.0,10.0,-15.0,Run,Rush,10.0,Rory DeLuca,,,,,,,Craig Roumes,Sal Gurnari,,,,,,,,,,,,,,,,,,,,,,,,,,,,,,03:47,227,49,30,-19,2,2,2,,,,,,,
159,Muhlenberg,D,MUHL,4,,11.0,2.0,1.0,10.0,-25.0,Run,Rush,7.0,Rory DeLuca,,,,,,,Andrew Wells,A. Scicchitano,,,,,,,,,,,,,,,,,,,,,,,,,,,,,,03:47,227,49,30,-19,2,2,2,,,,,,,
160,Muhlenberg,D,MUHL,4,,11.0,3.0,2.0,3.0,-32.0,Run,Rush,2.0,Rory DeLuca,,,,,,,Josh Buck,Zack Falls,,,,,,,,,,,,,,,,,,,,,,,,,,,,,Punt,03:47,227,49,30,-19,2,2,2,,,,,,,
161,Muhlenberg,,MUHL,4,,,,3.0,1.0,-34.0,Timeout,Timeout,,,,,,,,,,,,,,,,,,,,,,,,,,,,,,,,,Muhlenberg,,,,,,,03:47,227,49,30,-19,2,2,2,,,,,,,
162,Muhlenberg,K,MUHL,4,,,,3.0,1.0,-34.0,Punt Ret,Return,,,,,,,,,John Lohrer,Isaiah Williams,,,,,,Kyle Good,0,30.0,,,,,Kevin Olifiers,36.0,30.0,Return,,,,,,,,,,,,,,01:29,89,49,30,-19,2,1,2,,,,,,,
163,Muhlenberg,O,SUSQFB,4,,12.0,1.0,0.0,10.0,-30.0,Run,Rush,3.0,Dashon Bundy,,,,,,,Tyler Ekstrom,Anthon Sargenti,,,,,,,,,,,,,,,,,,,,,,,,,,,,,,01:20,80,30,49,-19,2,2,1,,,,,,,
164,Muhlenberg,O,SUSQFB,4,,12.0,2.0,2.0,7.0,-33.0,Pass,Complete,2.0,,Michael Ruisch,Complete,Warren Griffith,,,,Alexand Gardner,Tyler Ekstrom,,,,,,,,,,,,,,,,,,,,,,,,,,,,,,01:20,80,30,49,-19,2,2,1,,,,,,,
165,Muhlenberg,O,SUSQFB,4,,12.0,3.0,3.0,5.0,-35.0,Run,Rush,6.0,Gavin Coles,,,,,,,Anthon Sargenti,Matthe Giuliano,,,,,,,,,,,,,,,,,,,,,,,,,,,,,Game,01:20,80,30,49,-19,2,2,1,,,,,,,
