PLAY #,OPP TEAM,ODK,OFF TEAM,QTR,OT #,SERIES,SERIES #,DN,DIST,YARD LN,PLAY TYPE,RESULT,GN/LS,RUSHER,PASSER,PASS RESULT,PASS TARGET,BROKEN UP BY,INTERCEPTED BY,HURRIED BY,TACKLER1,TACKLER2,FUMBLE,FUMBLED BY,FORCED BY,RECOVER TEAM,RECOVERED BY,RETURNER,RETURN YDS,RETURN TO,KICKER,KICK YDS,KICK TO,KICK RESULT,PUNTER,PUNT YDS,PUNT TO,PUNT RESULT,PK,FG DIST,FG RESULT,XP RESULT,2 PT RESULT,TAKEN BY,FIRST DOWN,TOUCHDOWN,NO PLAY,SAFETY,SERIES END,TIME STAMP,TIME LEFT,OFF SCORE,DEF SCORE,SCORE DIFF,TOL,OFF TOL,DEF TOL,PENALTY1,PEN TEAM1,AGAINST1,PENALTY2,PEN TEAM2,AGAINST2,PENALTY YDS
1,McDaniel,K,MCDANIEL,1,,,,,,,KO Ret,Return,,,,,,,,,Mason Brown,,,,,,,Nate Costley,21,26.0,Peyton Denlinge,60.0,5.0,Return,,,,,,,,,,,,,,,,15:00,1800,0,0,0,3,3,3,,,,,,,
2,McDaniel,O,FMC,1,,1.0,1.0,0.0,10.0,-26.0,Pass,Complete,5.0,,Logan Clouse,Complete,Jack O'Hearen,,,,Barry Amos,,,,,,,,,,,,,,,,,,,,,,,,,,,,,15:00,1800,0,0,0,3,3,3,,,,,,,
3,McDaniel,O,FMC,1,,1.0,2.0,2.0,5.0,-31.0,Run,Rush,1.0,Keshon Farmer,,,,,,,Mike Dunn,,,,,,,,,,,,,,,,,,,,,,,,,,,,,15:00,1800,0,0,0,3,3,3,,,,,,,
4,McDaniel,,FMC,1,,,,3.0,4.0,-32.0,Penalty,Penalty,,,,,,,,,,,,,,,,,,,,,,,,,,,,,,,,,,,,,,15:00,1800,0,0,0,3,3,3,offside,MCDANIEL,Kyle Estep,,,,5.0
5,McDaniel,O,FMC,1,,1.0,3.0,1.0,10.0,-37.0,Run,Rush,4.0,Keshon Farmer,,,,,,,Nah'shon Godfre,,,,,,,,,,,,,,,,,,,,,,,,,,True,,,15:00,1800,0,0,0,3,3,3,holding,FMC,Jack O'Hearen,,,,10.0
6,McDaniel,O,FMC,1,,1.0,4.0,1.0,20.0,-27.0,Pass,Complete,11.0,,Logan Clouse,Complete,Trey Glass,,,,Desmond Banks,,,,,,,,,,,,,,,,,,,,,,,,,,,,,15:00,1800,0,0,0,3,3,3,,,,,,,
7,McDaniel,O,FMC,1,,1.0,5.0,2.0,9.0,-38.0,Run,Rush,12.0,Keshon Farmer,,,,,,,Mason Brown,Terrance Jackso,,,,,,,,,,,,,,,,,,,,,,,,,,,,15:00,1800,0,0,0,3,3,3,,,,,,,
8,McDaniel,O,FMC,1,,1.0,6.0,1.0,10.0,-50.0,Run,Rush,-2.0,Keshon Farmer,,,,,,,Mamut Conteh,Barry Amos,,,,,,,,,,,,,,,,,,,,,,,,,,,,15:00,1800,0,0,0,3,3,3,,,,,,,
9,McDaniel,O,FMC,1,,1.0,7.0,2.0,12.0,-48.0,Pass,Complete,4.0,,Logan Clouse,Complete,Trey Glass,,,,Nah'shon Godfre,,,,,,,,,,,,,,,,,,,,,,,,,,True,,,15:00,1800,0,0,0,3,3,3,illegal block,FMC,Keshon Farmer,,,,15.0
10,McDaniel,O,FMC,1,,1.0,8.0,2.0,27.0,-33.0,Run,Rush,3.0,Keshon Farmer,,,,,,,Nah'shon Godfre,,,,,,,,,,,,,,,,,,,,,,,,,,,,,15:00,1800,0,0,0,3,3,3,,,,,,,
11,McDaniel,O,FMC,1,,1.0,9.0,3.0,24.0,-36.0,Pass,Complete,4.0,,Logan Clouse,Complete,Jack O'Hearen,,,,Alex Brown,,,,,,,,,,,,,,,,,,,,,,,,,,,,Punt,15:00,1800,0,0,0,3,3,3,,,,,,,
12,McDaniel,K,FMC,1,,,,4.0,20.0,-40.0,Punt,Out of bounds,,,,,,,,,,,,,,,,,,,,,,,Jack Rodenberge,25.0,35.0,Out of bounds,,,,,,,,,,,,15:00,1800,0,0,0,3,3,3,,,,,,,
13,McDaniel,D,MCDANIEL,1,,1.0,1.0,0.0,10.0,-35.0,Run,Rush,-2.0,Daqwan Hill,,,,,,,Tom Papa,Luke Strauss,,,,,,,,,,,,,,,,,,,,,,,,,,,,09:40,1480,0,0,0,3,3,3,,,,,,,
14,McDaniel,D,MCDANIEL,1,,1.0,2.0,2.0,12.0,-33.0,Pass,Complete,6.0,,John Allan,Complete,Cameron Garcia,,,,Colin Lavigne,Thomas Downs,,,,,,,,,,,,,,,,,,,,,,,,,,,,09:40,1480,0,0,0,3,3,3,,,,,,,
15,McDaniel,D,MCDANIEL,1,,1.0,3.0,3.0,6.0,-39.0,Pass,Incomplete,0.0,,John Allan,Incomplete,Bryce Mitchell,,,,,,,,,,,,,,,,,,,,,,,,,,,,,,,,Punt,09:40,1480,0,0,0,3,3,3,,,,,,,
16,McDaniel,K,MCDANIEL,1,,,,4.0,6.0,-39.0,Punt Ret,Blocked,,,,,,,,,blocked by Jacob Hille,,,,,,,,,,,,,,Peyton Denlinge,6.0,-45.0,Blocked,,,,,,,,,,,,09:40,1480,0,0,0,3,3,3,,,,,,,
17,McDaniel,O,FMC,1,,2.0,1.0,0.0,10.0,45.0,Pass,Sack,-3.0,,Logan Clouse,Sack,,,,,Tasir Money,,,,,,,,,,,,,,,,,,,,,,,,,,,,,08:19,1399,0,0,0,3,3,3,,,,,,,
18,McDaniel,O,FMC,1,,2.0,2.0,2.0,13.0,48.0,Run,Rush,4.0,Keshon Farmer,,,,,,,Kai Leibfried,,,,,,,,,,,,,,,,,,,,,,,,,,,,,08:19,1399,0,0,0,3,3,3,,,,,,,
19,McDaniel,O,FMC,1,,2.0,3.0,3.0,9.0,44.0,Pass,Incomplete,0.0,,Logan Clouse,Incomplete,,,,,,,,,,,,,,,,,,,,,,,,,,,,,,,,,Punt,08:19,1399,0,0,0,3,3,3,,,,,,,
20,McDaniel,K,FMC,1,,,,4.0,9.0,44.0,Punt,Out of bounds,,,,,,,,,,,,,,,,,,,,,,,Jack Rodenberge,30.0,14.0,Out of bounds,,,,,,,,,,,,08:19,1399,0,0,0,3,3,3,,,,,,,
21,McDaniel,D,MCDANIEL,1,,2.0,1.0,0.0,10.0,-14.0,Run,Rush,5.0,Daqwan Hill,,,,,,,Tom Papa,,,,,,,,,,,,,,,,,,,,,,,,,,,,,06:38,1298,0,0,0,3,3,3,,,,,,,
22,McDaniel,D,MCDANIEL,1,,2.0,2.0,2.0,5.0,-19.0,Run,Rush,3.0,Daqwan Hill,,,,,,,Calvin Krippner,,,,,,,,,,,,,,,,,,,,,,,,,,,,,06:38,1298,0,0,0,3,3,3,,,,,,,
23,McDaniel,D,MCDANIEL,1,,2.0,3.0,3.0,2.0,-22.0,Run,Rush,5.0,Daqwan Hill,,,,,,,Thomas Downs,,,,,,,,,,,,,,,,,,,,,,,,,,,,,06:38,1298,0,0,0,3,3,3,,,,,,,
24,McDaniel,D,MCDANIEL,1,,2.0,4.0,1.0,10.0,-27.0,Run,Rush,3.0,John Allan,,,,,,,Brian Lafty,Peyton Snopek,,,,,,,,,,,,,,,,,,,,,,,,,True,,,06:38,1298,0,0,0,3,3,3,illegal formation,MCDANIEL,,,,,5.0
25,McDaniel,D,MCDANIEL,1,,2.0,5.0,1.0,15.0,-22.0,Run,Rush,4.0,Daqwan Hill,,,,,,,Calvin Krippner,Peyton Snopek,,,,,,,,,,,,,,,,,,,,,,,,,,,,06:38,1298,0,0,0,3,3,3,,,,,,,
26,McDaniel,D,MCDANIEL,1,,2.0,6.0,2.0,11.0,-26.0,Pass,Incomplete,0.0,,John Allan,Incomplete,Wesley Nchinda,,,,Peter Orio,,,,,,,,,,,,,,,,,,,,,,,,,,,,,06:38,1298,0,0,0,3,3,3,,,,,,,
27,McDaniel,D,MCDANIEL,1,,2.0,7.0,3.0,11.0,-26.0,Run,Rush,8.0,Aaron Pray,,,,,,,Peter Orio,,,,,,,,,,,,,,,,,,,,,,,,,,,,Punt,06:38,1298,0,0,0,3,3,3,,,,,,,
28,McDaniel,K,MCDANIEL,1,,,,4.0,3.0,-34.0,Punt Ret,Out of bounds,,,,,,,,,,,,,,,,,,,,,,,Peyton Denlinge,21.0,45.0,Out of bounds,,,,,,,,,,,,06:38,1298,0,0,0,3,3,3,,,,,,,
29,McDaniel,O,FMC,1,,3.0,1.0,0.0,10.0,-45.0,Pass,Incomplete,0.0,,Logan Clouse,Incomplete,Jack O'Hearen,,,,Habeeb Baba,,,,,,,,,,,,,,,,,,,,,,,,,,,,,02:43,1063,0,0,0,3,3,3,,,,,,,
30,McDaniel,O,FMC,1,,3.0,2.0,2.0,10.0,-45.0,Pass,Complete,3.0,,Logan Clouse,Complete,Trey Glass,,,,Mike Dunn,Mason Brown,,,,,,,,,,,,,,,,,,,,,,,,,,,,02:43,1063,0,0,0,3,3,3,,,,,,,
31,McDaniel,O,FMC,1,,3.0,3.0,3.0,7.0,-48.0,Pass,Sack,-8.0,,Logan Clouse,Sack,,,,,Sam Welcher,Mason Brown,,,,,,,,,,,,,,,,,,,,,,,,,,,Punt,02:43,1063,0,0,0,3,3,3,,,,,,,
32,McDaniel,K,FMC,1,,,,4.0,15.0,-40.0,Punt,Blocked,,,,,,,,,blocked by Sam Welcher,,,,,,,,,,,,,,Jack Rodenberge,33.0,27.0,Blocked,,,,,,,,,,,,02:43,1063,0,0,0,3,3,3,,,,,,,
33,McDaniel,D,MCDANIEL,1,,3.0,1.0,0.0,10.0,-27.0,Run,Rush,3.0,Diondre Carter,,,,,,,Dan DiBeneditto,,,,,,,,,,,,,,,,,,,,,,,,,,,,,00:58,958,0,0,0,3,3,3,,,,,,,
34,McDaniel,D,MCDANIEL,1,,3.0,2.0,2.0,7.0,-30.0,Run,Rush,2.0,Diondre Carter,,,,,,,Thomas Downs,Owen Walsh,,,,,,,,,,,,,,,,,,,,,,,,,,,,00:58,958,0,0,0,3,3,3,,,,,,,
35,McDaniel,D,MCDANIEL,2,,3.0,3.0,3.0,5.0,-32.0,Pass,Complete,24.0,,John Allan,Complete,Cameron Garcia,,,,Kell Hall,,,,,,,,,,,,,,,,,,,,,,,,,,,,,15:00,900,0,0,0,3,3,3,,,,,,,
36,McDaniel,D,MCDANIEL,2,,3.0,4.0,1.0,10.0,44.0,Run,Rush,1.0,Diondre Carter,,,,,,,Tom Papa,Kevonte Beard,,,,,,,,,,,,,,,,,,,,,,,,,,,,15:00,900,0,0,0,3,3,3,,,,,,,
37,McDaniel,D,MCDANIEL,2,,3.0,5.0,2.0,9.0,43.0,Pass,Incomplete,0.0,,John Allan,Incomplete,Bryce Mitchell,,,,Colin Lavigne,,,,,,,,,,,,,,,,,,,,,,,,,,,,,15:00,900,0,0,0,3,3,3,,,,,,,
38,McDaniel,D,MCDANIEL,2,,3.0,6.0,3.0,9.0,43.0,Pass,Complete,3.0,,John Allan,Complete,Hunter Sigler,,,,Calvin Krippner,Kell Hall,,,,,,,,,,,,,,,,,,,,,,,,,,,Punt,15:00,900,0,0,0,3,3,3,,,,,,,
39,McDaniel,K,MCDANIEL,2,,,,4.0,6.0,40.0,Punt Ret,,,,,,,,,,,,,,,,,,,,,,,,Andy Witten,23.0,17.0,,,,,,,,,,,,,15:00,900,0,0,0,3,3,3,,,,,,,
40,McDaniel,O,FMC,2,,4.0,1.0,0.0,10.0,-17.0,Run,Rush,3.0,Keshon Farmer,,,,,,,Mason Brown,Tasir Money,,,,,,,,,,,,,,,,,,,,,,,,,,,,13:00,780,0,0,0,3,3,3,,,,,,,
41,McDaniel,O,FMC,2,,4.0,2.0,2.0,7.0,-20.0,Pass,Incomplete,0.0,,Logan Clouse,Incomplete,Tim Walters,,,,,,,,,,,,,,,,,,,,,,,,,,,,,,,,,13:00,780,0,0,0,3,3,3,,,,,,,
42,McDaniel,O,FMC,2,,4.0,3.0,3.0,7.0,-20.0,Pass,Complete,12.0,,Logan Clouse,Complete,Trey Glass,,,,Anthony Gorgone,,,,,,,,,,,,,,,,,,,,,,,,,,,,,13:00,780,0,0,0,3,3,3,,,,,,,
43,McDaniel,O,FMC,2,,4.0,4.0,1.0,10.0,-32.0,Pass,Complete,32.0,,Logan Clouse,Complete,Jack O'Hearen,,,,Nah'shon Godfre,,,,,,,,,,,,,,,,,,,,,,,,,,,,,13:00,780,0,0,0,3,3,3,,,,,,,
44,McDaniel,O,FMC,2,,4.0,5.0,1.0,10.0,36.0,Pass,Complete,36.0,,Danny Solecki,Complete,Jack O'Hearen,,,,,,,,,,,,,,,,,,,,,,,,,,,,,True,,,TD,13:00,780,0,0,0,3,3,3,,,,,,,
45,McDaniel,K,FMC,2,,,,,,,Extra Pt.,Good,,,,,,,,,,,,,,,,,,,,,,,,,,,Jack Rodenberge,,,Good,,,,,,,,10:56,656,6,0,6,3,3,3,,,,,,,
46,McDaniel,K,FMC,2,,,,,,,KO,,,,,,,,,,,,,,,,,,,,Jack Rodenberge,65.0,0.0,,,,,,,,,,,,,,,,,10:56,656,7,0,7,3,3,3,,,,,,,
47,McDaniel,D,MCDANIEL,2,,4.0,1.0,0.0,10.0,-25.0,Run,Rush,1.0,Aaron Pray,,,,,,,Kyle Addis,,,,,,,,,,,,,,,,,,,,,,,,,,,,,10:56,656,0,7,7,3,3,3,,,,,,,
48,McDaniel,D,MCDANIEL,2,,4.0,2.0,2.0,9.0,-26.0,Pass,Incomplete,0.0,,John Allan,Incomplete,Wesley Nchinda,,,,,,,,,,,,,,,,,,,,,,,,,,,,,,,,,10:56,656,0,7,7,3,3,3,,,,,,,
49,McDaniel,D,MCDANIEL,2,,4.0,3.0,3.0,9.0,-26.0,Pass,Complete,0.0,,John Allan,Complete,Diondre Carter,,,,Peyton Snopek,,,,,,,,,,,,,,,,,,,,,,,,,,,,Punt,10:56,656,0,7,7,3,3,3,,,,,,,
50,McDaniel,K,MCDANIEL,2,,,,4.0,9.0,-26.0,Punt Ret,Blocked,,,,,,,,,blocked by Ryan McArthur,,,,,,,,,,,,,,Peyton Denlinge,,-23.0,Blocked,,,,,,,,,,,,10:56,656,0,7,7,3,3,3,,,,,,,
51,McDaniel,O,FMC,2,,5.0,1.0,0.0,10.0,23.0,Pass,Complete,9.0,,Logan Clouse,Complete,Tim Walters,,,,Barry Amos,,,,,,,,,,,,,,,,,,,,,,,,,,,,,09:22,562,7,0,7,3,3,3,,,,,,,
52,McDaniel,O,FMC,2,,5.0,2.0,2.0,1.0,14.0,Run,Rush,1.0,Keshon Farmer,,,,,,,Mason Brown,,,,,,,,,,,,,,,,,,,,,,,,,,,,,09:22,562,7,0,7,3,3,3,,,,,,,
53,McDaniel,O,FMC,2,,5.0,3.0,1.0,10.0,13.0,Pass,Complete,13.0,,Logan Clouse,Complete,Will Higson,,,,,,,,,,,,,,,,,,,,,,,,,,,,,True,,,TD,09:22,562,7,0,7,3,3,3,,,,,,,
54,McDaniel,K,FMC,2,,,,,,,Extra Pt.,Good,,,,,,,,,,,,,,,,,,,,,,,,,,,Jack Rodenberge,,,Good,,,,,,,,08:07,487,13,0,13,3,3,3,,,,,,,
55,McDaniel,K,FMC,2,,,,,,,KO,,,,,,,,,,,,,,,,,,,,Jack Rodenberge,65.0,0.0,,,,,,,,,,,,,,,,,08:07,487,14,0,14,3,3,3,,,,,,,
56,McDaniel,D,MCDANIEL,2,,5.0,1.0,0.0,10.0,-25.0,Pass,Incomplete,0.0,,John Allan,Incomplete,Wesley Nchinda,,,,,,,,,,,,,,,,,,,,,,,,,,,,,,,,,08:07,487,0,14,14,3,3,3,,,,,,,
57,McDaniel,D,MCDANIEL,2,,5.0,2.0,2.0,10.0,-25.0,Run,Rush,1.0,Daqwan Hill,,,,,,,Kyle Jones,Dan DiBeneditto,,,,,,,,,,,,,,,,,,,,,,,,,,,,08:07,487,0,14,14,3,3,3,,,,,,,
58,McDaniel,D,MCDANIEL,2,,5.0,3.0,3.0,9.0,-26.0,Pass,Interception,0.0,,John Allan,Interception,,,Thomas Downs,,Sean Carter,,,,,,,Thomas Downs,0,-45.0,,,,,,,,,,,,,,,,,,,Interception,08:07,487,0,14,14,3,3,3,,,,,,,
59,McDaniel,O,FMC,2,,6.0,1.0,0.0,10.0,45.0,Pass,Sack,-10.0,,Logan Clouse,Sack,,,,,Sam Welcher,,True,Logan Clouse,,MCDANIEL,Nah'shon Godfre,,,,,,,,,,,,,,,,,,,,,,Fumble,07:24,444,14,0,14,3,3,3,,,,,,,
60,McDaniel,D,MCDANIEL,2,,6.0,1.0,0.0,10.0,40.0,Run,Rush,-8.0,Wesley Nchinda,,,,,,,Kevonte Beard,,,,,,,,,,,,,,,,,,,,,,,,,,,,,07:00,420,0,14,14,3,3,3,,,,,,,
61,McDaniel,D,MCDANIEL,2,,6.0,2.0,2.0,18.0,48.0,Pass,Complete,6.0,,John Allan,Complete,Bryce Mitchell,,,,Isaiah Chery,,,,,,,,,,,,,,,,,,,,,,,,,,,,,07:00,420,0,14,14,3,3,3,,,,,,,
62,McDaniel,D,MCDANIEL,2,,6.0,3.0,3.0,12.0,42.0,Pass,Complete,11.0,,John Allan,Complete,Marcus Sessoms,,,,Jacob Hille,,,,,,,,,,,,,,,,,,,,,,,,,,,,,07:00,420,0,14,14,3,3,3,,,,,,,
63,McDaniel,D,MCDANIEL,2,,6.0,4.0,4.0,1.0,31.0,Run,Rush,0.0,Aaron Pray,,,,,,,Calvin Krippner,,,,,,,,,,,,,,,,,,,,,,,,,,,,Downs,07:00,420,0,14,14,3,3,3,,,,,,,
64,McDaniel,O,FMC,2,,7.0,1.0,0.0,10.0,-31.0,Run,Rush,3.0,Keshon Farmer,,,,,,,Nah'shon Godfre,Kai Leibfried,,,,,,,,,,,,,,,,,,,,,,,,,,,,05:00,300,14,0,14,3,3,3,unsportmanlike conduct,FMC,Gregg Johnson,,,,18.0
65,McDaniel,O,FMC,2,,7.0,2.0,1.0,25.0,-16.0,Run,Rush,2.0,Keshon Farmer,,,,,,,Mason Brown,,,,,,,,,,,,,,,,,,,,,,,,,,,,,05:00,300,14,0,14,3,3,3,,,,,,,
66,McDaniel,O,FMC,2,,7.0,3.0,2.0,23.0,-18.0,Pass,Sack,-5.0,,Logan Clouse,Sack,,,,,Justin Morsell,,,,,,,,,,,,,,,,,,,,,,,,,,,,,05:00,300,14,0,14,3,3,3,,,,,,,
67,McDaniel,O,FMC,2,,7.0,4.0,3.0,28.0,-13.0,Pass,Incomplete,0.0,,Logan Clouse,Incomplete,Keshon Farmer,,,,,,,,,,,,,,,,,,,,,,,,,,,,,,,,Punt,05:00,300,14,0,14,3,3,3,,,,,,,
68,McDaniel,K,FMC,2,,,,4.0,28.0,-13.0,Punt,Return,,,,,,,,,Matt Scully,,,,,,,Pray III,7,49.0,,,,,Jack Rodenberge,45.0,42.0,Return,,,,,,,,,,,,05:00,300,14,0,14,3,3,3,,,,,,,
69,McDaniel,D,MCDANIEL,2,,7.0,1.0,0.0,10.0,-49.0,Pass,Complete,4.0,,John Allan,Complete,Cameron Garcia,,,,Colin Lavigne,,,,,,,,,,,,,,,,,,,,,,,,,,,,,03:03,183,0,14,14,3,3,3,,,,,,,
70,McDaniel,D,MCDANIEL,2,,7.0,2.0,2.0,6.0,47.0,Pass,Incomplete,0.0,,John Allan,Incomplete,Kai Leibfried,,,,Dan DiBeneditto,,,,,,,,,,,,,,,,,,,,,,,,,,,,,03:03,183,0,14,14,3,3,3,,,,,,,
71,McDaniel,D,MCDANIEL,2,,7.0,3.0,3.0,6.0,47.0,Pass,Complete,0.0,,John Allan,Complete,Cameron Garcia,,,,Colin Lavigne,,,,,,,,,,,,,,,,,,,,,,,,,,,,Punt,03:03,183,0,14,14,3,3,3,,,,,,,
72,McDaniel,K,MCDANIEL,2,,,,4.0,6.0,47.0,Punt Ret,Return,,,,,,,,,Owen Reese,,,,,,,Trey Glass,5,25.0,,,,,Peyton Denlinge,27.0,20.0,Return,,,,,,,,,,,,03:03,183,0,14,14,3,3,3,,,,,,,
73,McDaniel,O,FMC,2,,8.0,1.0,0.0,10.0,-25.0,Pass,Complete,5.0,,Logan Clouse,Complete,Jack O'Hearen,,,,Mike Dunn,,,,,,,,,,,,,,,,,,,,,,,,,,,,,02:07,127,14,0,14,3,3,3,face mask,MCDANIEL,Mike Dunn,,,,15.0
74,McDaniel,O,FMC,2,,8.0,2.0,1.0,10.0,-45.0,Pass,Complete,4.0,,Logan Clouse,Complete,Jack O'Hearen,,,,Barry Amos,,,,,,,,,,,,,,,,,,,,,,,,,,,,,02:07,127,14,0,14,3,3,3,,,,,,,
75,McDaniel,O,FMC,2,,8.0,3.0,2.0,6.0,-49.0,Pass,Complete,13.0,,Logan Clouse,Complete,Will Higson,,,,,,,,,,,,,,,,,,,,,,,,,,,,,,,,,02:07,127,14,0,14,3,3,3,,,,,,,
76,McDaniel,O,FMC,2,,8.0,4.0,1.0,10.0,38.0,Pass,Incomplete,0.0,,Logan Clouse,Incomplete,Will Higson,,,,,,,,,,,,,,,,,,,,,,,,,,,,,,,,,02:07,127,14,0,14,3,3,3,,,,,,,
77,McDaniel,O,FMC,2,,8.0,5.0,2.0,10.0,38.0,Pass,Incomplete,0.0,,Logan Clouse,Incomplete,,,,,,,,,,,,,,,,,,,,,,,,,,,,,,,,,,02:07,127,14,0,14,3,3,3,,,,,,,
78,McDaniel,O,FMC,2,,8.0,6.0,3.0,10.0,38.0,Run,Rush,3.0,Keshon Farmer,,,,,,,Matt Carey,,,,,,,,,,,,,,,,,,,,,,,,,,,,,02:07,127,14,0,14,3,3,3,,,,,,,
79,McDaniel,O,FMC,2,,8.0,7.0,4.0,7.0,35.0,Run,Rush,7.0,Logan Clouse,,,,,,,Tasir Money,,,,,,,,,,,,,,,,,,,,,,,,,,,,,02:07,127,14,0,14,3,3,3,,,,,,,
80,McDaniel,,FMC,2,,,,1.0,10.0,28.0,Timeout,Timeout,,,,,,,,,,,,,,,,,,,,,,,,,,,,,,,,McDaniel,,,,,,02:07,127,14,0,14,3,3,3,,,,,,,
81,McDaniel,,FMC,2,,,,1.0,10.0,28.0,Penalty,Penalty,,,,,,,,,,,,,,,,,,,,,,,,,,,,,,,,,,,,,,01:07,67,14,0,14,3,3,2,offside,MCDANIEL,Mason Brown,,,,5.0
82,McDaniel,O,FMC,2,,8.0,8.0,1.0,5.0,23.0,Run,Rush,-6.0,Keshon Farmer,,,,,,,Justin Morsell,Mason Brown,,,,,,,,,,,,,,,,,,,,,,,,,,,,01:07,67,14,0,14,3,3,2,,,,,,,
83,McDaniel,,FMC,2,,,,2.0,11.0,29.0,Timeout,Timeout,,,,,,,,,,,,,,,,,,,,,,,,,,,,,,,,Franklin & Marsh,,,,,,01:07,67,14,0,14,3,3,2,,,,,,,
84,McDaniel,O,FMC,2,,8.0,9.0,2.0,11.0,29.0,Pass,Incomplete,0.0,,Logan Clouse,Incomplete,Tim Walters,,,,,,,,,,,,,,,,,,,,,,,,,,,,,,,,,01:02,62,14,0,14,2,2,2,,,,,,,
85,McDaniel,O,FMC,2,,8.0,10.0,3.0,11.0,29.0,Pass,Interception,0.0,,Logan Clouse,Interception,,,Nah'shon Godfre,,,,,,,,,Nah'shon Godfre,0,2.0,,,,,,,,,,,,,,,,,,,Interception,01:02,62,14,0,14,2,2,2,,,,,,,
86,McDaniel,D,MCDANIEL,2,,8.0,1.0,0.0,10.0,-2.0,Run,Rush,0.0,Aaron Pray,,,,,,,Calvin Krippner,Bobby Buchys,,,,,,,,,,,,,,,,,,,,,,,,,,,,00:50,50,0,14,14,2,2,2,,,,,,,
87,McDaniel,,MCDANIEL,2,,,,2.0,10.0,-2.0,Timeout,Timeout,,,,,,,,,,,,,,,,,,,,,,,,,,,,,,,,Franklin & Marsh,,,,,,00:50,50,0,14,14,2,2,2,,,,,,,
88,McDaniel,D,MCDANIEL,2,,8.0,2.0,2.0,10.0,-2.0,Run,Rush,6.0,Aaron Pray,,,,,,,Dan DiBeneditto,,,,,,,,,,,,,,,,,,,,,,,,,,,,,00:43,43,0,14,14,1,2,1,,,,,,,
89,McDaniel,D,MCDANIEL,2,,8.0,3.0,3.0,4.0,-8.0,Run,Rush,1.0,Diondre Carter,,,,,,,James Gilmartin,,,,,,,,,,,,,,,,,,,,,,,,,,,,Half,00:43,43,0,14,14,1,2,1,,,,,,,
90,McDaniel,K,FMC,3,,,,,,,KO,,,,,,,,,,,,,,,,,,,,Jack Rodenberge,65.0,0.0,,,,,,,,,,,,,,,,,15:00,1800,14,0,14,3,3,3,,,,,,,
91,McDaniel,D,MCDANIEL,3,,9.0,1.0,0.0,10.0,-25.0,Run,Rush,3.0,Aaron Pray,,,,,,,Calvin Krippner,,,,,,,,,,,,,,,,,,,,,,,,,,True,,,15:00,1800,0,14,14,3,3,3,holding,MCDANIEL,Tracey Easton,,,,10.0
92,McDaniel,D,MCDANIEL,3,,9.0,2.0,1.0,20.0,-15.0,Pass,Complete,6.0,,John Allan,Complete,Hunter Sigler,,,,Peyton Snopek,,,,,,,,,,,,,,,,,,,,,,,,,,,,,15:00,1800,0,14,14,3,3,3,,,,,,,
93,McDaniel,D,MCDANIEL,3,,9.0,3.0,2.0,14.0,-21.0,Pass,Incomplete,0.0,,John Allan,Incomplete,Hunter Sigler,,,,,,,,,,,,,,,,,,,,,,,,,,,,,,,,,15:00,1800,0,14,14,3,3,3,,,,,,,
94,McDaniel,D,MCDANIEL,3,,9.0,4.0,3.0,14.0,-21.0,Pass,Incomplete,0.0,,John Allan,Incomplete,Sean Carter,,,,,,,,,,,,,,,,,,,,,,,,,,,,,,,,Punt,15:00,1800,0,14,14,3,3,3,,,,,,,
95,McDaniel,K,MCDANIEL,3,,,,4.0,14.0,-21.0,Punt Ret,Fair Catch,,,,,,,,,,,,,,,,,,,,,,,Peyton Denlinge,25.0,-46.0,Fair Catch,,,,,,,,,,,,15:00,1800,0,14,14,3,3,3,,,,,,,
96,McDaniel,O,FMC,3,,9.0,1.0,0.0,10.0,46.0,Run,Rush,5.0,Keshon Farmer,,,,,,,Habeeb Baba,,,,,,,,,,,,,,,,,,,,,,,,,,,,,13:45,1725,14,0,14,3,3,3,,,,,,,
97,McDaniel,O,FMC,3,,9.0,2.0,2.0,5.0,41.0,Run,Rush,3.0,Logan Clouse,,,,,,,,,,,,,,,,,,,,,,,,,,,,,,,,,,,,13:45,1725,14,0,14,3,3,3,,,,,,,
98,McDaniel,O,FMC,3,,9.0,3.0,3.0,2.0,38.0,Pass,Complete,3.0,,Logan Clouse,Complete,Tim Walters,,,,Barry Amos,,,,,,,,,,,,,,,,,,,,,,,,,,,,,13:45,1725,14,0,14,3,3,3,,,,,,,
99,McDaniel,O,FMC,3,,9.0,4.0,1.0,10.0,35.0,Run,Rush,5.0,Keshon Farmer,,,,,,,Anthony Gorgone,,,,,,,,,,,,,,,,,,,,,,,,,,,,,13:45,1725,14,0,14,3,3,3,,,,,,,
100,McDaniel,O,FMC,3,,9.0,5.0,2.0,5.0,30.0,Run,Rush,3.0,Keshon Farmer,,,,,,,Desmond Banks,Kai Leibfried,,,,,,,,,,,,,,,,,,,,,,,,,,,,13:45,1725,14,0,14,3,3,3,,,,,,,
101,McDaniel,O,FMC,3,,9.0,6.0,3.0,2.0,27.0,Run,Rush,3.0,Keshon Farmer,,,,,,,Nah'shon Godfre,Habeeb Baba,,,,,,,,,,,,,,,,,,,,,,,,,,,,13:45,1725,14,0,14,3,3,3,,,,,,,
102,McDaniel,O,FMC,3,,9.0,7.0,1.0,10.0,24.0,Pass,Complete,17.0,,Logan Clouse,Complete,Will Higson,,,,Nah'shon Godfre,,,,,,,,,,,,,,,,,,,,,,,,,,,,,13:45,1725,14,0,14,3,3,3,,,,,,,
103,McDaniel,O,FMC,3,,9.0,8.0,1.0,7.0,7.0,Run,Rush,0.0,Keshon Farmer,,,,,,,Kai Leibfried,Mason Brown,,,,,,,,,,,,,,,,,,,,,,,,,,,,13:45,1725,14,0,14,3,3,3,,,,,,,
104,McDaniel,O,FMC,3,,9.0,9.0,2.0,7.0,7.0,Pass,Incomplete,0.0,,Logan Clouse,Incomplete,Tim Walters,,,,Barry Amos,,,,,,,,,,,,,,,,,,,,,,,,,,True,,,13:45,1725,14,0,14,3,3,3,pass interference,MCDANIEL,Barry Amos,,,,5.0
105,McDaniel,O,FMC,3,,9.0,10.0,1.0,2.0,2.0,Run,Rush,0.0,Keshon Farmer,,,,,,,Terrance Jackso,Mason Brown,,,,,,,,,,,,,,,,,,,,,,,,,,,,13:45,1725,14,0,14,3,3,3,,,,,,,
106,McDaniel,O,FMC,3,,9.0,11.0,2.0,2.0,2.0,Pass,Complete,1.0,,Logan Clouse,Complete,Will Higson,,,,Habeeb Baba,,,,,,,,,,,,,,,,,,,,,,,,,,,,,13:45,1725,14,0,14,3,3,3,,,,,,,
107,McDaniel,O,FMC,3,,9.0,12.0,3.0,3.0,3.0,Pass,Complete,3.0,,Logan Clouse,Complete,Jack O'Hearen,,,,,,,,,,,,,,,,,,,,,,,,,,,,,True,,,TD,13:45,1725,14,0,14,3,3,3,,,,,,,
108,McDaniel,K,FMC,3,,,,,,,Extra Pt.,Good,,,,,,,,,,,,,,,,,,,,,,,,,,,Jack Rodenberge,,,Good,,,,,,,,07:25,1345,20,0,20,3,3,3,,,,,,,
109,McDaniel,K,FMC,3,,,,,,,KO,Return,,,,,,,,,Jacob Hille,Christian Theoh,,,,,,Diondre Carter,30,30.0,Jack Rodenberge,65.0,0.0,Return,,,,,,,,,,,,,,,,07:25,1345,21,0,21,3,3,3,illegal block,MCDANIEL,Noah Shine,,,,20.0
110,McDaniel,D,MCDANIEL,3,,10.0,1.0,0.0,10.0,-10.0,Run,Rush,1.0,Aaron Pray,,,,,,,Tom Papa,Brian Lafty,,,,,,,,,,,,,,,,,,,,,,,,,,,,07:17,1337,0,21,21,3,3,3,,,,,,,
111,McDaniel,D,MCDANIEL,3,,10.0,2.0,2.0,9.0,-11.0,Pass,Complete,6.0,,John Allan,Complete,Owen Reese,,,,Thomas Downs,Dan DiBeneditto,,,,,,,,,,,,,,,,,,,,,,,,,,,,07:17,1337,0,21,21,3,3,3,,,,,,,
112,McDaniel,D,MCDANIEL,3,,10.0,3.0,3.0,3.0,-17.0,Pass,Complete,35.0,,John Allan,Complete,Wesley Nchinda,,,,,,,,,,,,,,,,,,,,,,,,,,,,,,,,,07:17,1337,0,21,21,3,3,3,,,,,,,
113,McDaniel,D,MCDANIEL,3,,10.0,4.0,1.0,10.0,48.0,Run,Rush,6.0,Jonathan Thomps,,,,,,,Peter Orio,Kevonte Beard,,,,,,,,,,,,,,,,,,,,,,,,,,,,07:17,1337,0,21,21,3,3,3,,,,,,,
114,McDaniel,D,MCDANIEL,3,,10.0,5.0,2.0,4.0,42.0,Pass,Incomplete,0.0,,John Allan,Incomplete,Noah Shine,,,,Thomas Downs,,,,,,,,,,,,,,,,,,,,,,,,,,,,,07:17,1337,0,21,21,3,3,3,,,,,,,
115,McDaniel,D,MCDANIEL,3,,10.0,6.0,3.0,4.0,42.0,Run,Rush,0.0,John Allan,,,,,,,Peter Orio,Calvin Krippner,,,,,,,,,,,,,,,,,,,,,,,,,,,Punt,07:17,1337,0,21,21,3,3,3,,,,,,,
116,McDaniel,K,MCDANIEL,3,,,,4.0,4.0,42.0,Punt Ret,Fair Catch,,,,,,,,,,,,,,,,,,,,,,,Andy Witten,28.0,14.0,Fair Catch,,,,,,,,,,,,07:17,1337,0,21,21,3,3,3,,,,,,,
117,McDaniel,O,FMC,3,,10.0,1.0,0.0,10.0,-14.0,Pass,Complete,12.0,,Logan Clouse,Complete,Trey Glass,,,,Desmond Banks,Anthony Gorgone,,,,,,,,,,,,,,,,,,,,,,,,,,,,03:58,1138,21,0,21,3,3,3,,,,,,,
118,McDaniel,O,FMC,3,,10.0,2.0,1.0,10.0,-26.0,Run,Rush,4.0,Jermaine Conyer,,,,,,,Sam Welcher,Terrance Jackso,,,,,,,,,,,,,,,,,,,,,,,,,,,,03:58,1138,21,0,21,3,3,3,,,,,,,
119,McDaniel,O,FMC,3,,10.0,3.0,2.0,6.0,-30.0,Pass,Complete,20.0,,Logan Clouse,Complete,Jack O'Hearen,,,,Barry Amos,Nah'shon Godfre,,,,,,,,,,,,,,,,,,,,,,,,,,,,03:58,1138,21,0,21,3,3,3,,,,,,,
120,McDaniel,O,FMC,3,,10.0,4.0,1.0,10.0,-50.0,Run,Rush,4.0,Jermaine Conyer,,,,,,,Nah'shon Godfre,,,,,,,,,,,,,,,,,,,,,,,,,,,,,03:58,1138,21,0,21,3,3,3,,,,,,,
121,McDaniel,O,FMC,3,,10.0,5.0,2.0,6.0,46.0,Run,Rush,36.0,Jermaine Conyer,,,,,,,Alex Brown,Habeeb Baba,,,,,,,,,,,,,,,,,,,,,,,,,,,,03:58,1138,21,0,21,3,3,3,unsportmanlike conduct,MCDANIEL,Habeeb Baba,,,,5.0
122,McDaniel,O,FMC,3,,10.0,6.0,1.0,5.0,5.0,Run,Rush,5.0,Jermaine Conyer,,,,,,,,,,,,,,,,,,,,,,,,,,,,,,,,True,,,TD,03:58,1138,21,0,21,3,3,3,,,,,,,
123,McDaniel,K,FMC,3,,,,,,,Extra Pt.,Good,,,,,,,,,,,,,,,,,,,,,,,,,,,Jack Rodenberge,,,Good,,,,,,,,01:04,964,27,0,27,3,3,3,,,,,,,
124,McDaniel,K,FMC,3,,,,,,,KO,Return,,,,,,,,,Owen Walsh,,,,,,,Diondre Carter,27,35.0,Jack Rodenberge,57.0,8.0,Return,,,,,,,,,,,,,,,,01:04,964,28,0,28,3,3,3,,,,,,,
125,McDaniel,D,MCDANIEL,3,,11.0,1.0,0.0,10.0,-35.0,Run,Rush,-1.0,Sean Carter,,,,,,,Colin Lavigne,,,,,,,,,,,,,,,,,,,,,,,,,,,,,00:58,958,0,28,28,3,3,3,,,,,,,
126,McDaniel,D,MCDANIEL,3,,11.0,2.0,2.0,11.0,-34.0,Pass,Incomplete,0.0,,John Allan,Incomplete,Wesley Nchinda,,,,,,,,,,,,,,,,,,,,,,,,,,,,,,,,,00:58,958,0,28,28,3,3,3,,,,,,,
127,McDaniel,D,MCDANIEL,3,,11.0,3.0,3.0,11.0,-34.0,Pass,Sack,-8.0,,John Allan,Sack,,,,,Peter Orio,,,,,,,,,,,,,,,,,,,,,,,,,,,,Punt,00:58,958,0,28,28,3,3,3,,,,,,,
128,McDaniel,K,MCDANIEL,4,,,,4.0,19.0,-26.0,Punt Ret,Return,,,,,,,,,Matt Carey,Kori Bryant,,,,,,Trey Glass,6,39.0,,,,,Peyton Denlinge,41.0,33.0,Return,,,,,,,,,,,,15:00,900,0,28,28,3,3,3,,,,,,,
129,McDaniel,O,FMC,4,,11.0,1.0,0.0,10.0,-39.0,Run,Rush,2.0,Keshon Farmer,,,,,,,Mason Brown,,,,,,,,,,,,,,,,,,,,,,,,,,,,,14:51,891,28,0,28,3,3,3,,,,,,,
130,McDaniel,O,FMC,4,,11.0,2.0,2.0,8.0,-41.0,Run,Rush,3.0,Keshon Farmer,,,,,,,Azagio Herd,Anthony Gorgone,,,,,,,,,,,,,,,,,,,,,,,,,,,,14:51,891,28,0,28,3,3,3,,,,,,,
131,McDaniel,O,FMC,4,,11.0,3.0,3.0,5.0,-44.0,Pass,Incomplete,0.0,,Logan Clouse,Incomplete,,,,,Nah'shon Godfre,,,,,,,,,,,,,,,,,,,,,,,,,,,,Punt,14:51,891,28,0,28,3,3,3,,,,,,,
132,McDaniel,K,FMC,4,,,,4.0,5.0,-44.0,Punt,,,,,,,,,,,,,,,,,,,,,,,,Jack Rodenberge,41.0,15.0,,,,,,,,,,,,,14:51,891,28,0,28,3,3,3,,,,,,,
133,McDaniel,D,MCDANIEL,4,,12.0,1.0,0.0,10.0,-15.0,Run,Rush,0.0,Trent Gaskins,,,,,,,Brian Lafty,,,,,,,,,,,,,,,,,,,,,,,,,,,,,12:59,779,0,28,28,3,3,3,,,,,,,
134,McDaniel,D,MCDANIEL,4,,12.0,2.0,2.0,10.0,-15.0,Pass,Incomplete,0.0,,John Allan,Incomplete,Wesley Nchinda,,,,Isaiah Chery,,,,,,,,,,,,,,,,,,,,,,,,,,,,,12:59,779,0,28,28,3,3,3,,,,,,,
135,McDaniel,D,MCDANIEL,4,,12.0,3.0,3.0,10.0,-15.0,Run,Rush,8.0,John Allan,,,,,,,Calvin Krippner,,,,,,,,,,,,,,,,,,,,,,,,,,,,Punt,12:59,779,0,28,28,3,3,3,,,,,,,
136,McDaniel,K,MCDANIEL,4,,,,4.0,2.0,-23.0,Punt Ret,,,,,,,,,,,,,,,,,,,,,,,,Peyton Denlinge,57.0,20.0,,,,,,,,,,,,,12:59,779,0,28,28,3,3,3,,,,,,,
137,McDaniel,O,FMC,4,,12.0,1.0,0.0,10.0,-20.0,Run,Rush,2.0,Jermaine Conyer,,,,,,,Mike Dunn,Azagio Herd,,,,,,,,,,,,,,,,,,,,,,,,,,,,11:20,680,28,0,28,3,3,3,,,,,,,
138,McDaniel,O,FMC,4,,12.0,2.0,2.0,8.0,-22.0,Pass,Incomplete,0.0,,Logan Clouse,Incomplete,Dean DiPisa,,,,,,,,,,,,,,,,,,,,,,,,,,,,,,,,,11:20,680,28,0,28,3,3,3,,,,,,,
139,McDaniel,O,FMC,4,,12.0,3.0,3.0,8.0,-22.0,Pass,Complete,8.0,,Logan Clouse,Complete,Ben Moir,,,,Desmond Banks,,,,,,,,,,,,,,,,,,,,,,,,,,,,,11:20,680,28,0,28,3,3,3,,,,,,,
140,McDaniel,O,FMC,4,,12.0,4.0,1.0,10.0,-30.0,Run,Rush,10.0,Jermaine Conyer,,,,,,,Habeeb Baba,Nah'shon Godfre,,,,,,,,,,,,,,,,,,,,,,,,,,,,11:20,680,28,0,28,3,3,3,,,,,,,
141,McDaniel,O,FMC,4,,12.0,5.0,1.0,10.0,-40.0,Run,Rush,2.0,Jermaine Conyer,,,,,,,Tasir Money,Azagio Herd,,,,,,,,,,,,,,,,,,,,,,,,,,,,11:20,680,28,0,28,3,3,3,,,,,,,
142,McDaniel,O,FMC,4,,12.0,6.0,2.0,8.0,-42.0,Run,Rush,8.0,Jermaine Conyer,,,,,,,Habeeb Baba,Anthony Gorgone,,,,,,,,,,,,,,,,,,,,,,,,,,,,11:20,680,28,0,28,3,3,3,,,,,,,
143,McDaniel,O,FMC,4,,12.0,7.0,1.0,10.0,-50.0,Run,Rush,2.0,Jermaine Conyer,,,,,,,Sam Welcher,,,,,,,,,,,,,,,,,,,,,,,,,,,,,11:20,680,28,0,28,3,3,3,,,,,,,
144,McDaniel,O,FMC,4,,12.0,8.0,2.0,8.0,48.0,Pass,Complete,28.0,,Logan Clouse,Complete,Ben Moir,,,,Desmond Banks,,,,,,,,,,,,,,,,,,,,,,,,,,,,,11:20,680,28,0,28,3,3,3,,,,,,,
145,McDaniel,O,FMC,4,,12.0,9.0,1.0,10.0,20.0,Run,Rush,4.0,Jermaine Conyer,,,,,,,Nah'shon Godfre,Habeeb Baba,,,,,,,,,,,,,,,,,,,,,,,,,,,,11:20,680,28,0,28,3,3,3,,,,,,,
146,McDaniel,O,FMC,4,,12.0,10.0,2.0,6.0,16.0,Run,Rush,1.0,Keshon Farmer,,,,,,,Tyler Berghaier,,,,,,,,,,,,,,,,,,,,,,,,,,,,,11:20,680,28,0,28,3,3,3,,,,,,,
147,McDaniel,O,FMC,4,,12.0,11.0,3.0,5.0,15.0,Run,Rush,3.0,Keshon Farmer,,,,,,,Nah'shon Godfre,Kai Leibfried,,,,,,,,,,,,,,,,,,,,,,,,,,,,11:20,680,28,0,28,3,3,3,,,,,,,
148,McDaniel,O,FMC,4,,12.0,12.0,4.0,2.0,12.0,Run,Rush,4.0,Keshon Farmer,,,,,,,Habeeb Baba,,,,,,,,,,,,,,,,,,,,,,,,,,,,,11:20,680,28,0,28,3,3,3,,,,,,,
149,McDaniel,O,FMC,4,,12.0,13.0,1.0,8.0,8.0,Run,Rush,1.0,Keshon Farmer,,,,,,,Mike Dunn,Azagio Herd,,,,,,,,,,,,,,,,,,,,,,,,,,,,11:20,680,28,0,28,3,3,3,,,,,,,
150,McDaniel,O,FMC,4,,12.0,14.0,2.0,7.0,7.0,Run,Rush,7.0,Keshon Farmer,,,,,,,,,,,,,,,,,,,,,,,,,,,,,,,,True,,,TD,11:20,680,28,0,28,3,3,3,,,,,,,
151,McDaniel,K,FMC,4,,,,,,,Extra Pt.,Good,,,,,,,,,,,,,,,,,,,,,,,,,,,Jack Rodenberge,,,Good,,,,,,,,02:59,179,34,0,34,3,3,3,,,,,,,
152,McDaniel,K,FMC,4,,,,,,,KO,Fair Catch,,,,,,,,,,,,,,,,,,,Jack Rodenberge,31.0,34.0,Fair Catch,,,,,,,,,,,,,,,,02:59,179,35,0,35,3,3,3,,,,,,,
153,McDaniel,D,MCDANIEL,4,,13.0,1.0,0.0,10.0,-34.0,Run,Rush,8.0,Corey King,,,,,,,Brian Lafty,,,,,,,,,,,,,,,,,,,,,,,,,,,,,02:59,179,0,35,35,3,3,3,,,,,,,
154,McDaniel,D,MCDANIEL,4,,13.0,2.0,2.0,2.0,-42.0,Run,Rush,0.0,Trent Gaskins,,,,,,,Kyle Addis,Harrison Sousa,,,,,,,,,,,,,,,,,,,,,,,,,,,,02:59,179,0,35,35,3,3,3,,,,,,,
155,McDaniel,D,MCDANIEL,4,,13.0,3.0,3.0,2.0,-42.0,Pass,Complete,4.0,,Ethan Brown,Complete,Rafael Oliva,,,,Owen Walsh,,,,,,,,,,,,,,,,,,,,,,,,,,,,,02:59,179,0,35,35,3,3,3,,,,,,,
156,McDaniel,D,MCDANIEL,4,,13.0,4.0,1.0,10.0,-46.0,Run,Rush,1.0,Jerald Hurt,,,,,,,Matt Scully,Justin Gerhart,,,,,,,,,,,,,,,,,,,,,,,,,,,,02:59,179,0,35,35,3,3,3,,,,,,,
157,McDaniel,D,MCDANIEL,4,,13.0,5.0,2.0,9.0,-47.0,Run,Rush,-1.0,Corey King,,,,,,,Zhymir Ball,,,,,,,,,,,,,,,,,,,,,,,,,,,,Game,02:59,179,0,35,35,3,3,3,,,,,,,
