PLAY #,OPP TEAM,ODK,OFF TEAM,QTR,OT #,SERIES,SERIES #,DN,DIST,YARD LN,PLAY TYPE,RESULT,GN/LS,RUSHER,PASSER,PASS RESULT,PASS TARGET,BROKEN UP BY,INTERCEPTED BY,HURRIED BY,TACKLER1,TACKLER2,FUMBLE,FUMBLED BY,FORCED BY,RECOVER TEAM,RECOVERED BY,RETURNER,RETURN YDS,RETURN TO,KICKER,KICK YDS,KICK TO,KICK RESULT,ON-SIDE KICK,PUNTER,PUNT YDS,PUNT TO,PUNT RESULT,BLOCKED BY,PK,FG DIST,FG RESULT,XP RESULT,2 PT RESULT,TAKEN BY,FIRST DOWN,TOUCHDOWN,NO PLAY,NULLIFIED,SAFETY,SERIES END,TIME STAMP,TIME LEFT,OFF SCORE,DEF SCORE,SCORE DIFF,TOL,OFF TOL,DEF TOL,PENALTY1,PEN TEAM1,AGAINST1,PENALTY2,PEN TEAM2,AGAINST2,PENALTY YDS
1,Rose-Hulman,K,RHIT,1,,,,,,,KO Rec,Fair Catch,,,,,,,,,,,,,,,,,,,Jonathan Oliger,61.0,4.0,Fair Catch,,,,,,,,,,,,,,,,,,,15:00,1800,0,0,0,3,3,3,,,,,,,
2,Rose-Hulman,O,WAB,1,,1.0,1.0,0.0,10.0,-25.0,Pass,Complete,4.0,,Liam Thompson,Complete,Nick Hamman,,,,Rashard Brown,,,,,,,,,,,,,,,,,,,,,,,,,,,,,,,,15:00,1800,0,0,0,3,3,3,,,,,,,
3,Rose-Hulman,O,WAB,1,,1.0,2.0,2.0,6.0,-29.0,Run,Rush,0.0,Donovan Snyder,,,,,,,Michael Stevens,,,,,,,,,,,,,,,,,,,,,,,,,,,,,,,,15:00,1800,0,0,0,3,3,3,,,,,,,
4,Rose-Hulman,O,WAB,1,,1.0,3.0,3.0,6.0,-29.0,Run,Rush,8.0,Liam Thompson,,,,,,,Tyce Miller,,,,,,,,,,,,,,,,,,,,,,,,,,,,,,,,15:00,1800,0,0,0,3,3,3,holding,WAB,,,,,10.0
5,Rose-Hulman,O,WAB,1,,1.0,4.0,3.0,8.0,-27.0,Pass,Incomplete,0.0,,Liam Thompson,Incomplete,Nick Hamman,,,,WinstonAmankwah,,,,,,,,,,,,,,,,,,,,,,,,,,,,,,,Punt,15:00,1800,0,0,0,3,3,3,,,,,,,
6,Rose-Hulman,K,WAB,1,,,,4.0,8.0,-27.0,Punt,Return,,,,,,,,,Ryan Papandria,Vaughn Taylor,,,,,,Jailen Hobbs,3,28.0,,,,,,Joey Annee,48.0,25.0,Return,,,,,,,,,,,,,,15:00,1800,0,0,0,3,3,3,,,,,,,
7,Rose-Hulman,D,RHIT,1,,1.0,1.0,0.0,10.0,-28.0,Run,Rush,1.0,Shane Welshans,,,,,,,David Marsh,,,,,,,,,,,,,,,,,,,,,,,,,,,,,,,,13:38,1718,0,0,0,3,3,3,,,,,,,
8,Rose-Hulman,D,RHIT,1,,1.0,2.0,2.0,9.0,-29.0,Run,Rush,1.0,Shane Welshans,,,,,,,Will Netting,,,,,,,,,,,,,,,,,,,,,,,,,,,,,,,,13:38,1718,0,0,0,3,3,3,,,,,,,
9,Rose-Hulman,D,RHIT,1,,1.0,3.0,3.0,8.0,-30.0,Pass,Complete,5.0,,Andrew Dion,Complete,Jailen Hobbs,,,,Johnny Lamb,,,,,,,,,,,,,,,,,,,,,,,,,,,,,,,Punt,13:38,1718,0,0,0,3,3,3,,,,,,,
10,Rose-Hulman,K,RHIT,1,,,,4.0,3.0,-35.0,Punt Rec,Out of bounds,,,,,,,,,,,,,,,,,,,,,,,,Andrew Toler,52.0,13.0,Out of bounds,,,,,,,,,,,,,,13:38,1718,0,0,0,3,3,3,,,,,,,
11,Rose-Hulman,,WAB,1,,,,1.0,10.0,-13.0,Penalty,Penalty,,,,,,,,,,,,,,,,,,,,,,,,,,,,,,,,,,,,,,,,,12:05,1625,0,0,0,3,3,3,false start,WAB,,,,,5.0
12,Rose-Hulman,O,WAB,1,,2.0,1.0,0.0,15.0,-8.0,Pass,Interception,0.0,,Liam Thompson,Interception,,,Rashard Brown,,Donovan Snyder,,,,,,,Rashard Brown,30,-37.0,,,,,,,,,,,,,,,,,,,,,,Interception,12:05,1625,0,0,0,3,3,3,,,,,,,
13,Rose-Hulman,D,RHIT,1,,2.0,1.0,0.0,7.0,7.0,Pass,Incomplete,0.0,,Andrew Dion,Incomplete,Adam Tice-Saliu,,,,,,,,,,,,,,,,,,,,,,,,,,,,,,,,,,,,11:54,1614,0,0,0,3,3,3,,,,,,,
14,Rose-Hulman,D,RHIT,1,,2.0,2.0,2.0,7.0,7.0,Run,Rush,2.0,Shane Welshans,,,,,,,Seth Buresh,,,,,,,,,,,,,,,,,,,,,,,,,,,,,,,,11:54,1614,0,0,0,3,3,3,,,,,,,
15,Rose-Hulman,D,RHIT,1,,2.0,3.0,3.0,5.0,5.0,Pass,Incomplete,0.0,,Dion middle,Incomplete,Daniel Huery,,,,Kamron Ferguson,,,,,,,,,,,,,,,,,,,,,,,,,,,,,,,FG,11:54,1614,0,0,0,3,3,3,,,,,,,
16,Rose-Hulman,K,RHIT,1,,,,4.0,5.0,5.0,FG Block,Good,,,,,,,,,,,,,,,,,,,,,,,,,,,,,Brett Tuttle,22.0,Good,,,,,,,,,,11:54,1614,0,0,0,3,3,3,,,,,,,
17,Rose-Hulman,K,RHIT,1,,,,1.0,-35.0,-35.0,KO Rec,Fair Catch,,,,,,,,,,,,,,,,,,,Brett Tuttle,63.0,2.0,Fair Catch,,,,,,,,,,,,,,,,,,,11:07,1567,3,0,-3,3,3,3,,,,,,,
18,Rose-Hulman,O,WAB,1,,3.0,1.0,0.0,10.0,-25.0,Pass,Complete,9.0,,Thompson LE,Complete,Nick Hamman,,,,Riley Roberts,,,,,,,,,,,,,,,,,,,,,,,,,,,,,,,,11:07,1567,0,3,-3,3,3,3,,,,,,,
19,Rose-Hulman,O,WAB,1,,3.0,2.0,2.0,1.0,-34.0,Run,Rush,10.0,Donovan Snyder,,,,,,,WinstonAmankwah,,,,,,,,,,,,,,,,,,,,,,,,,,True,,,,,,11:07,1567,0,3,-3,3,3,3,,,,,,,
20,Rose-Hulman,O,WAB,1,,3.0,3.0,1.0,10.0,-44.0,Run,Rush,41.0,Liam Thompson,,,,,,,Rashard Brown,,,,,,,,,,,,,,,,,,,,,,,,,,True,,,,,,11:07,1567,0,3,-3,3,3,3,,,,,,,
21,Rose-Hulman,O,WAB,1,,3.0,4.0,1.0,10.0,15.0,Run,Rush,8.0,Donovan Snyder,,,,,,,Kyzer Bowen,,,,,,,,,,,,,,,,,,,,,,,,,,,,,,,,11:07,1567,0,3,-3,3,3,3,,,,,,,
22,Rose-Hulman,O,WAB,1,,3.0,5.0,2.0,2.0,7.0,Run,Rush,0.0,Donovan Snyder,,,,,,,Kyzer Bowen,Connor Schulte,,,,,,,,,,,,,,,,,,,,,,,,,,,,,,,11:07,1567,0,3,-3,3,3,3,,,,,,,
23,Rose-Hulman,O,WAB,1,,3.0,6.0,3.0,2.0,7.0,Run,Rush,7.0,Derek Allen,,,,,,,,,,,,,,,,,,,,,,,,,,,,,,,,,True,True,,,,TD,11:07,1567,0,3,-3,3,3,3,,,,,,,
24,Rose-Hulman,K,WAB,1,,,,1.0,3.0,3.0,Extra Pt.,Blocked,,,,,,,,,,,,,,,,,,,,,,,,,,,,,Jacob Handley,,,Blocked,,,,,,,,,08:52,1432,6,3,3,3,3,3,,,,,,,
25,Rose-Hulman,K,WAB,1,,,,1.0,-35.0,-35.0,KO,Return,,,,,,,,,Avery Epstein,,,,,,,Jailen Hobbs,18,22.0,Jacob Handley,61.0,4.0,Return,,,,,,,,,,,,,,,,,,,08:52,1432,6,3,3,3,3,3,,,,,,,
26,Rose-Hulman,D,RHIT,1,,3.0,1.0,0.0,10.0,-22.0,Pass,Complete,6.0,,Dion LE,Complete,Adam Tice-Saliu,,,,Jose Franco,,,,,,,,,,,,,,,,,,,,,,,,,,,,,,,,08:45,1425,3,6,3,3,3,3,,,,,,,
27,Rose-Hulman,D,RHIT,1,,3.0,2.0,2.0,4.0,-28.0,Run,Rush,0.0,Andrew Dion,,,,,,,Seth Buresh,,,,,,,,,,,,,,,,,,,,,,,,,,,,,,,,08:45,1425,3,6,3,3,3,3,,,,,,,
28,Rose-Hulman,D,RHIT,1,,3.0,3.0,3.0,4.0,-28.0,Pass,Incomplete,0.0,,Dion middle,Incomplete,Alex Gresock,,,,,,,,,,,,,,,,,,,,,,,,,,,,,,,,,,,Punt,08:45,1425,3,6,3,3,3,3,,,,,,,
29,Rose-Hulman,K,RHIT,1,,,,4.0,4.0,-28.0,Punt Rec,Fair Catch,,,,,,,,,,,,,,,,,,,,,,,,Andrew Toler,37.0,35.0,Fair Catch,,,,,,,,,,,,,,08:45,1425,3,6,3,3,3,3,,,,,,,
30,Rose-Hulman,O,WAB,1,,4.0,1.0,0.0,10.0,-35.0,Pass,Complete,11.0,,Thompson LE,Complete,Cooper Sullivan,,,,Tyce Miller,,,,,,,,,,,,,,,,,,,,,,,,,,True,,,,,,07:48,1368,6,3,3,3,3,3,,,,,,,
31,Rose-Hulman,O,WAB,1,,4.0,2.0,1.0,10.0,-46.0,Run,Rush,0.0,Donovan Snyder,,,,,,,Michael Stevens,,,,,,,,,,,,,,,,,,,,,,,,,,,,,,,,07:48,1368,6,3,3,3,3,3,,,,,,,
32,Rose-Hulman,O,WAB,1,,4.0,3.0,2.0,10.0,-46.0,Pass,Incomplete,0.0,,Thompson middle,Incomplete,Cooper Sullivan,,,,,,,,,,,,,,,,,,,,,,,,,,,,,,,,,,,,07:48,1368,6,3,3,3,3,3,,,,,,,
33,Rose-Hulman,O,WAB,1,,4.0,4.0,3.0,10.0,-46.0,Pass,Complete,6.0,,Thompson middle,Complete,Donovan Snyder,,,,Michael Stevens,,,,,,,,,,,,,,,,,,,,,,,,,,,,,,,Punt,07:48,1368,6,3,3,3,3,3,,,,,,,
34,Rose-Hulman,K,WAB,1,,,,4.0,4.0,48.0,Punt,Out of bounds,,,,,,,,,,,,,,,,,,,,,,,,Joey Annee,44.0,4.0,Out of bounds,,,,,,,,,,,,,,07:48,1368,6,3,3,3,3,3,,,,,,,
35,Rose-Hulman,D,RHIT,1,,4.0,1.0,0.0,10.0,-4.0,Run,Rush,-3.0,Shane Welshans,,,,,,,Will Olive,,,,,,,,,,,,,,,,,,,,,,,,,,,,,,,,06:15,1275,3,6,3,3,3,3,,,,,,,
36,Rose-Hulman,D,RHIT,1,,4.0,2.0,2.0,13.0,-1.0,Pass,Complete,6.0,,Andrew Dion,Complete,Adam Tice-Saliu,,,,Jose Franco,,,,,,,,,,,,,,,,,,,,,,,,,,,,,,,,06:15,1275,3,6,3,3,3,3,,,,,,,
37,Rose-Hulman,D,RHIT,1,,4.0,3.0,3.0,7.0,-7.0,Pass,Complete,13.0,,Andrew Dion,Complete,Jailen Hobbs,,,,Johnny Lamb,,,,,,,,,,,,,,,,,,,,,,,,,,True,,,,,,06:15,1275,3,6,3,3,3,3,,,,,,,
38,Rose-Hulman,D,RHIT,1,,4.0,4.0,1.0,10.0,-20.0,Pass,Complete,5.0,,Andrew Dion,Complete,Daniel Huery,,,,Will Netting,,,,,,,,,,,,,,,,,,,,,,,,,,,,True,,,,06:15,1275,3,6,3,3,3,3,holding,RHIT,,,,,10.0
39,Rose-Hulman,D,RHIT,1,,4.0,5.0,1.0,20.0,-10.0,Pass,Complete,3.0,,Dion middle,Complete,Shane Welshans,,,,Kenny Coleman,,,,,,,,,,,,,,,,,,,,,,,,,,,,,,,,06:15,1275,3,6,3,3,3,3,,,,,,,
40,Rose-Hulman,D,RHIT,1,,4.0,6.0,2.0,23.0,-7.0,Pass,Complete,7.0,,Dion middle,Complete,Adam Tice-Saliu,,,,Will Netting,,,,,,,,,,,,,,,,,,,,,,,,,,,,,,,,06:15,1275,3,6,3,3,3,3,,,,,,,
41,Rose-Hulman,D,RHIT,1,,4.0,7.0,3.0,16.0,-14.0,Pass,Complete,0.0,,Dion LE,Complete,Shane Welshans,,,,Joe Rios,,,,,,,,,,,,,,,,,,,,,,,,,,,,,,,,06:15,1275,3,6,3,3,3,3,,,,,,,
42,Rose-Hulman,D,RHIT,1,,4.0,8.0,4.0,16.0,-14.0,Pass,Complete,9.0,,Toler middle,Complete,Sam Hedrick,,,,Josh Myers,,,,,,,,,,,,,,,,,,,,,,,,,,,,,,,Downs,06:15,1275,3,6,3,3,3,3,,,,,,,
43,Rose-Hulman,O,WAB,1,,5.0,1.0,0.0,10.0,23.0,Run,Rush,-2.0,Donovan Snyder,,,,,,,,,,,,,,,,,,,,,,,,,,,,,,,,,,,,,,,02:48,1068,6,3,3,3,3,3,,,,,,,
44,Rose-Hulman,O,WAB,1,,5.0,2.0,2.0,12.0,25.0,Pass,Complete,23.0,,Thompson middle,Complete,J. Clayborne,,,,Rashard Brown,,,,,,,,,,,,,,,,,,,,,,,,,,True,,,,,,02:48,1068,6,3,3,3,3,3,,,,,,,
45,Rose-Hulman,O,WAB,1,,5.0,3.0,1.0,2.0,2.0,Run,Rush,1.0,Liam Thompson,,,,,,,Riley Roberts,WinstonAmankwah,,,,,,,,,,,,,,,,,,,,,,,,,,,,,,,02:48,1068,6,3,3,3,3,3,,,,,,,
46,Rose-Hulman,O,WAB,1,,5.0,4.0,2.0,1.0,1.0,Run,Rush,1.0,Liam Thompson,,,,,,,,,,,,,,,,,,,,,,,,,,,,,,,,,,True,,,,TD,02:48,1068,6,3,3,3,3,3,,,,,,,
47,Rose-Hulman,K,WAB,1,,,,1.0,3.0,3.0,Extra Pt.,Good,,,,,,,,,,,,,,,,,,,,,,,,,,,,,Jacob Handley,,,Good,,,,,,,,,01:39,999,12,3,9,3,3,3,,,,,,,
48,Rose-Hulman,K,WAB,1,,,,1.0,-35.0,-35.0,KO,Return,,,,,,,,,Avery Epstein,Josh Warmick,,,,,,Jailen Hobbs,14,26.0,Jacob Handley,53.0,12.0,Return,,,,,,,,,,,,,,,,,,,01:39,999,13,3,10,3,3,3,unsportsmanlike conduct,WAB,,,,,15.0
49,Rose-Hulman,D,RHIT,1,,5.0,1.0,0.0,10.0,-41.0,Run,Rush,-1.0,Shane Welshans,,,,,,,Sean Sinovic,Will Olive,,,,,,,,,,,,,,,,,,,,,,,,,,,,,,,01:39,999,3,13,10,3,3,3,,,,,,,
50,Rose-Hulman,D,RHIT,1,,5.0,2.0,2.0,11.0,-40.0,Pass,Complete,49.0,,Dion RE,Complete,Noah Thomas,,,,Johnny Lamb,,,,,,,,,,,,,,,,,,,,,,,,,,True,,,,,,01:39,999,3,13,10,3,3,3,,,,,,,
51,Rose-Hulman,D,RHIT,1,,5.0,3.0,1.0,10.0,11.0,Pass,Complete,11.0,,Dion LE,Complete,Daniel Huery,,,,,,,,,,,,,,,,,,,,,,,,,,,,,,True,True,,,,TD,01:39,999,3,13,10,3,3,3,,,,,,,
52,Rose-Hulman,K,RHIT,1,,,,1.0,3.0,3.0,Extra Pt. Block,Good,,,,,,,,,,,,,,,,,,,,,,,,,,,,,Brett Tuttle,,,Good,,,,,,,,,00:40,940,9,13,4,3,3,3,,,,,,,
53,Rose-Hulman,K,RHIT,1,,,,1.0,-35.0,-35.0,KO Rec,Fair Catch,,,,,,,,,,,,,,,,,,,Jonathan Oliger,60.0,5.0,Fair Catch,,,,,,,,,,,,,,,,,,,00:40,940,10,13,3,3,3,3,,,,,,,
54,Rose-Hulman,O,WAB,1,,6.0,1.0,0.0,10.0,-25.0,Pass,Complete,18.0,,Thompson RE,Complete,Derek Allen,,,,Michael Stevens,,,,,,,,,,,,,,,,,,,,,,,,,,True,,,,,,00:40,940,13,10,3,3,3,3,,,,,,,
55,Rose-Hulman,,WAB,1,,,,1.0,10.0,-43.0,Penalty,Penalty,,,,,,,,,,,,,,,,,,,,,,,,,,,,,,,,,,,,,,,,,00:40,940,13,10,3,3,3,3,false start,WAB,,,,,5.0
56,Rose-Hulman,O,WAB,1,,6.0,2.0,1.0,15.0,-38.0,Pass,Complete,11.0,,Thompson RE,Complete,Nick Hamman,,,,WinstonAmankwah,,,,,,,,,,,,,,,,,,,,,,,,,,,,,,,,00:40,940,13,10,3,3,3,3,,,,,,,
57,Rose-Hulman,O,WAB,2,,6.0,3.0,2.0,4.0,-49.0,Pass,Complete,44.0,,Thompson LE,Complete,Cooper Sullivan,,,,Rashard Brown,,,,,,,,,,,,,,,,,,,,,,,,,,True,,,,,,15:00,900,13,10,3,3,3,3,,,,,,,
58,Rose-Hulman,O,WAB,2,,6.0,4.0,1.0,7.0,7.0,Run,Rush,4.0,Donovan Snyder,,,,,,,Bo Thomas,,,,,,,,,,,,,,,,,,,,,,,,,,,,,,,,15:00,900,13,10,3,3,3,3,,,,,,,
59,Rose-Hulman,,WAB,2,,,,2.0,3.0,3.0,Timeout,Timeout,,,,,,,,,,,,,,,,,,,,,,,,,,,,,,,,,,Wabash College,,,,,,,15:00,900,13,10,3,3,3,3,,,,,,,
60,Rose-Hulman,O,WAB,2,,6.0,5.0,2.0,3.0,3.0,Run,Rush,-12.0,,,,,,,,Gavin Patrick,,True,TEAM,Kyzer Bowen,RHIT,Cameron Dorsey,Cameron Dorsey,9,-48.0,,,,,,,,,,,,,,,,,,,,,,Fumble,14:22,862,13,10,3,2,2,3,,,,,,,
61,Rose-Hulman,D,RHIT,2,,6.0,1.0,0.0,10.0,43.0,Pass,Incomplete,0.0,,Dion RE,Incomplete,Alex Gresock,,,,,,,,,,,,,,,,,,,,,,,,,,,,,,,,,,,,14:08,848,10,13,3,2,3,2,,,,,,,
62,Rose-Hulman,D,RHIT,2,,6.0,2.0,2.0,10.0,43.0,Run,Rush,6.0,Shane Welshans,,,,,,,Josh Myers,Avery Epstein,,,,,,,,,,,,,,,,,,,,,,,,,,,,,,,14:08,848,10,13,3,2,3,2,,,,,,,
63,Rose-Hulman,D,RHIT,2,,6.0,3.0,3.0,4.0,37.0,Pass,Incomplete,0.0,,Dion RE,Incomplete,Alex Gresock,,,,,,,,,,,,,,,,,,,,,,,,,,,,,,,,,,,,14:08,848,10,13,3,2,3,2,,,,,,,
64,Rose-Hulman,,RHIT,2,,,,4.0,4.0,37.0,Timeout,Timeout,,,,,,,,,,,,,,,,,,,,,,,,,,,,,,,,,,Rose-Hulman,,,,,,,14:08,848,10,13,3,2,3,2,,,,,,,
65,Rose-Hulman,D,RHIT,2,,6.0,4.0,4.0,4.0,37.0,Pass,Incomplete,0.0,,Dion LE,Incomplete,Noah Thomas,,,,Kamron Ferguson,,,,,,,,,,,,,,,,,,,,,,,,,,,,,,,Downs,13:20,800,10,13,3,2,2,2,,,,,,,
66,Rose-Hulman,O,WAB,2,,7.0,1.0,0.0,10.0,-37.0,Pass,Complete,16.0,,Thompson RE,Complete,Nick Hamman,,,,WinstonAmankwah,,,,,,,,,,,,,,,,,,,,,,,,,,True,,,,,,13:15,795,13,10,3,2,2,2,,,,,,,
67,Rose-Hulman,O,WAB,2,,7.0,2.0,1.0,10.0,47.0,Run,Rush,-2.0,Donovan Snyder,,,,,,,Kyzer Bowen,,,,,,,,,,,,,,,,,,,,,,,,,,,,,,,,13:15,795,13,10,3,2,2,2,,,,,,,
68,Rose-Hulman,O,WAB,2,,7.0,3.0,2.0,12.0,49.0,Pass,Complete,1.0,,Thompson RE,Complete,Donovan Snyder,,,,Cameron Dorsey,,,,,,,,,,,,,,,,,,,,,,,,,,,,,,,,13:15,795,13,10,3,2,2,2,,,,,,,
69,Rose-Hulman,O,WAB,2,,7.0,4.0,3.0,13.0,-50.0,Pass,Incomplete,0.0,,Thompson RE,Incomplete,Nick Hamman,,,,,,,,,,,,,,,,,,,,,,,,,,,,,,,,,,,Punt,13:15,795,13,10,3,2,2,2,,,,,,,
70,Rose-Hulman,K,WAB,2,,,,4.0,13.0,-50.0,Punt,Return,,,,,,,,,JoJo Carter,,,,,,,Jailen Hobbs,9,13.0,,,,,,Joey Annee,46.0,4.0,Return,,,,,,,,,,,,,,13:15,795,13,10,3,2,2,2,,,,,,,
71,Rose-Hulman,D,RHIT,2,,7.0,1.0,0.0,10.0,-13.0,Run,Rush,3.0,Grant Ripperda,,,,,,,Casey Crozier,,,,,,,,,,,,,,,,,,,,,,,,,,,,,,,,11:31,691,10,13,3,2,2,2,,,,,,,
72,Rose-Hulman,D,RHIT,2,,7.0,2.0,2.0,7.0,-16.0,Pass,Complete,23.0,,Dion middle,Complete,Adam Tice-Saliu,,,,Jose Franco,,,,,,,,,,,,,,,,,,,,,,,,,,True,,,,,,11:31,691,10,13,3,2,2,2,,,,,,,
73,Rose-Hulman,D,RHIT,2,,7.0,3.0,1.0,10.0,-39.0,Pass,Incomplete,0.0,,Dion middle,Incomplete,Alex Gresock,,,,,,,,,,,,,,,,,,,,,,,,,,,,,,,,,,,,11:31,691,10,13,3,2,2,2,,,,,,,
74,Rose-Hulman,D,RHIT,2,,7.0,4.0,2.0,10.0,-39.0,Run,Rush,3.0,Grant Ripperda,,,,,,,J. Washington,,,,,,,,,,,,,,,,,,,,,,,,,,,,,,,,11:31,691,10,13,3,2,2,2,,,,,,,
75,Rose-Hulman,D,RHIT,2,,7.0,5.0,3.0,7.0,-42.0,Pass,Complete,12.0,,Dion RE,Complete,Daniel Huery,,,,Josh Myers,,,,,,,,,,,,,,,,,,,,,,,,,,True,,,,,,11:31,691,10,13,3,2,2,2,,,,,,,
76,Rose-Hulman,D,RHIT,2,,7.0,6.0,1.0,10.0,46.0,Run,Rush,4.0,Grant Ripperda,,,,,,,Seth Buresh,,,,,,,,,,,,,,,,,,,,,,,,,,,,,,,,11:31,691,10,13,3,2,2,2,,,,,,,
77,Rose-Hulman,D,RHIT,2,,7.0,7.0,2.0,6.0,42.0,Pass,Complete,19.0,,Dion RE,Complete,Noah Thomas,,,,Will Netting,,,,,,,,,,,,,,,,,,,,,,,,,,True,,,,,,11:31,691,10,13,3,2,2,2,,,,,,,
78,Rose-Hulman,D,RHIT,2,,7.0,8.0,1.0,10.0,23.0,Run,Rush,5.0,Shane Welshans,,,,,,,Seth Buresh,,,,,,,,,,,,,,,,,,,,,,,,,,,,,,,,11:31,691,10,13,3,2,2,2,,,,,,,
79,Rose-Hulman,D,RHIT,2,,7.0,9.0,2.0,5.0,18.0,Pass,Incomplete,0.0,,Dion LE,Incomplete,Jailen Hobbs,,,,,,,,,,,,,,,,,,,,,,,,,,,,,,,,,,,,11:31,691,10,13,3,2,2,2,,,,,,,
80,Rose-Hulman,,RHIT,2,,,,3.0,5.0,18.0,Timeout,Timeout,,,,,,,,,,,,,,,,,,,,,,,,,,,,,,,,,,Wabash College,,,,,,,11:31,691,10,13,3,2,2,2,,,,,,,
81,Rose-Hulman,D,RHIT,2,,7.0,10.0,3.0,5.0,18.0,Pass,Incomplete,0.0,,Dion RE,Incomplete,Noah Thomas,,,,,,,,,,,,,,,,,,,,,,,,,,,,,,,,,,,Missed FG,08:17,497,10,13,3,1,2,1,,,,,,,
82,Rose-Hulman,K,RHIT,2,,,,4.0,5.0,18.0,FG Block,No Good,,,,,,,,,,,,,,,,,,,,,,,,,,,,,Brett Tuttle,35.0,No Good,,,,,,,,,,08:17,497,10,13,3,1,2,1,,,,,,,
83,Rose-Hulman,O,WAB,2,,8.0,1.0,0.0,10.0,-20.0,Pass,Incomplete,0.0,,Thompson RE,Incomplete,Derek Allen,,,,,,,,,,,,,,,,,,,,,,,,,,,,,,,,,,,,08:04,484,13,10,3,1,1,2,,,,,,,
84,Rose-Hulman,O,WAB,2,,8.0,2.0,2.0,10.0,-20.0,Pass,Incomplete,0.0,,Thompson LE,Incomplete,Nick Hamman,,,,Chaikou Sow,,,,,,,,,,,,,,,,,,,,,,,,,,,,,,,,08:04,484,13,10,3,1,1,2,,,,,,,
85,Rose-Hulman,O,WAB,2,,8.0,3.0,3.0,10.0,-20.0,Run,Rush,33.0,Liam Thompson,,,,,,,Kyzer Bowen,,,,,,,,,,,,,,,,,,,,,,,,,,True,,,,,,08:04,484,13,10,3,1,1,2,,,,,,,
86,Rose-Hulman,O,WAB,2,,8.0,4.0,1.0,10.0,47.0,Run,Rush,2.0,Donovan Snyder,,,,,,,Bo Thomas,Deven Cobb,,,,,,,,,,,,,,,,,,,,,,,,,,,,,,,08:04,484,13,10,3,1,1,2,,,,,,,
87,Rose-Hulman,O,WAB,2,,8.0,5.0,2.0,8.0,45.0,Run,Rush,1.0,Liam Thompson,,,,,,,Deven Cobb,,,,,,,,,,,,,,,,,,,,,,,,,,,,,,,,08:04,484,13,10,3,1,1,2,,,,,,,
88,Rose-Hulman,O,WAB,2,,8.0,6.0,3.0,7.0,44.0,Pass,Incomplete,0.0,,Thompson RE,Incomplete,Jacob Riddle,,,,,,,,,,,,,,,,,,,,,,,,,,,,,,,,,,,Punt,08:04,484,13,10,3,1,1,2,,,,,,,
89,Rose-Hulman,K,WAB,2,,,,4.0,7.0,44.0,Punt,Out of bounds,,,,,,,,,,,,,,,,,,,,,,,,Joey Annee,31.0,13.0,Out of bounds,,,,,,,,,,,,,,08:04,484,13,10,3,1,1,2,,,,,,,
90,Rose-Hulman,D,RHIT,2,,8.0,1.0,0.0,10.0,-13.0,Run,Rush,2.0,Shane Welshans,,,,,,,Sean Sinovic,Will Olive,,,,,,,,,,,,,,,,,,,,,,,,,,,,,,,06:10,370,10,13,3,1,2,1,,,,,,,
91,Rose-Hulman,D,RHIT,2,,8.0,2.0,2.0,8.0,-15.0,Run,Rush,2.0,Daniel Huery,,,,,,,Kamron Ferguson,,,,,,,,,,,,,,,,,,,,,,,,,,,,,,,,06:10,370,10,13,3,1,2,1,,,,,,,
92,Rose-Hulman,D,RHIT,2,,8.0,3.0,3.0,6.0,-17.0,Pass,Sack,-2.0,,Andrew Dion,Sack,,,,,Seth Buresh,,,,,,,,,,,,,,,,,,,,,,,,,,,,,,,Punt,06:10,370,10,13,3,1,2,1,,,,,,,
93,Rose-Hulman,K,RHIT,2,,,,4.0,8.0,-15.0,Punt Rec,Fair Catch,,,,,,,,,,,,,,,,,,,,,,,,Andrew Toler,33.0,-48.0,Fair Catch,,,,,,,,,,,,,,06:10,370,10,13,3,1,2,1,,,,,,,
94,Rose-Hulman,O,WAB,2,,9.0,1.0,0.0,10.0,48.0,Pass,Incomplete,0.0,,Thompson LE,Incomplete,Nick Hamman,,,,Rashard Brown,,,,,,,,,,,,,,,,,,,,,,,,,,,,,,,,04:15,255,13,10,3,1,1,2,,,,,,,
95,Rose-Hulman,O,WAB,2,,9.0,2.0,2.0,10.0,48.0,Pass,Complete,39.0,,Thompson middle,Complete,Derek Allen,,,,Michael Stevens,,,,,,,,,,,,,,,,,,,,,,,,,,True,,,,,,04:15,255,13,10,3,1,1,2,,,,,,,
96,Rose-Hulman,O,WAB,2,,9.0,3.0,1.0,9.0,9.0,Run,Rush,4.0,Donovan Snyder,,,,,,,Michael Stevens,JonathanAnstett,,,,,,,,,,,,,,,,,,,,,,,,,,,,,,,04:15,255,13,10,3,1,1,2,,,,,,,
97,Rose-Hulman,O,WAB,2,,9.0,4.0,2.0,5.0,5.0,Pass,Complete,5.0,,Thompson LE,Complete,Donovan Snyder,,,,,,,,,,,,,,,,,,,,,,,,,,,,,,,True,,,,TD,04:15,255,13,10,3,1,1,2,,,,,,,
98,Rose-Hulman,K,WAB,2,,,,1.0,3.0,3.0,Extra Pt.,Good,,,,,,,,,,,,,,,,,,,,,,,,,,,,,Jacob Handley,,,Good,,,,,,,,,03:09,189,19,10,9,1,1,2,,,,,,,
99,Rose-Hulman,K,WAB,2,,,,1.0,-35.0,-35.0,KO,Return,,,,,,,,,Quinton Wood,,,,,,,Jailen Hobbs,27,27.0,Jacob Handley,65.0,0.0,Return,,,,,,,,,,,,,,,,,,,03:09,189,20,10,10,1,1,2,,,,,,,
100,Rose-Hulman,D,RHIT,2,,9.0,1.0,0.0,10.0,-27.0,Pass,Complete,9.0,,Dion RE,Complete,Adam Tice-Saliu,,,,Jose Franco,,,,,,,,,,,,,,,,,,,,,,,,,,,,,,,,03:02,182,10,20,10,1,2,1,,,,,,,
101,Rose-Hulman,D,RHIT,2,,9.0,2.0,2.0,1.0,-36.0,Run,Rush,6.0,Shane Welshans,,,,,,,Josh Fedorchak,Clayton McPeek,,,,,,,,,,,,,,,,,,,,,,,,,True,,,,,,03:02,182,10,20,10,1,2,1,,,,,,,
102,Rose-Hulman,D,RHIT,2,,9.0,3.0,1.0,10.0,-42.0,Pass,Incomplete,0.0,,Dion LE,Incomplete,Noah Thomas,,,,,,,,,,,,,,,,,,,,,,,,,,,,,,,,,,,,03:02,182,10,20,10,1,2,1,,,,,,,
103,Rose-Hulman,D,RHIT,2,,9.0,4.0,2.0,10.0,-42.0,Pass,Complete,44.0,,Dion LE,Complete,Jailen Hobbs,,,,Johnny Lamb,,,,,,,,,,,,,,,,,,,,,,,,,,True,,,,,,03:02,182,10,20,10,1,2,1,,,,,,,
104,Rose-Hulman,D,RHIT,2,,9.0,5.0,1.0,10.0,14.0,Run,Rush,2.0,Shane Welshans,,,,,,,Jose Franco,,,,,,,,,,,,,,,,,,,,,,,,,,,,,,,,03:02,182,10,20,10,1,2,1,,,,,,,
105,Rose-Hulman,D,RHIT,2,,9.0,6.0,2.0,8.0,12.0,Pass,Incomplete,0.0,,Dion middle,Incomplete,Jailen Hobbs,,,,,,,,,,,,,,,,,,,,,,,,,,,,,,,,,,,,03:02,182,10,20,10,1,2,1,,,,,,,
106,Rose-Hulman,D,RHIT,2,,9.0,7.0,3.0,8.0,12.0,Pass,Complete,12.0,,Dion LE,Complete,Grant Ripperda,,,,,,,,,,,,,,,,,,,,,,,,,,,,,,True,True,,,,TD,03:02,182,10,20,10,1,2,1,,,,,,,
107,Rose-Hulman,K,RHIT,2,,,,1.0,3.0,3.0,Extra Pt. Block,No Good,,,,,,,,,,,,,,,,,,,,,,,,,,,,,Brett Tuttle,,,No Good,,,,,,,,,01:11,71,16,20,4,1,2,1,,,,,,,
108,Rose-Hulman,K,RHIT,2,,,,1.0,-35.0,-35.0,KO Rec,Fair Catch,,,,,,,,,,,,,,,,,,,Jonathan Oliger,60.0,5.0,Fair Catch,,,,,,,,,,,,,,,,,,,01:11,71,16,20,4,1,2,1,,,,,,,
109,Rose-Hulman,D,RHIT,2,,10.0,1.0,0.0,10.0,25.0,Pass,Incomplete,0.0,,Thompson middle,Incomplete,Nick Hamman,,,,WinstonAmankwah,,,,,,,,,,,,,,,,,,,,,,,,,,,,,,,,01:11,71,16,20,4,1,2,1,,,,,,,
110,Rose-Hulman,D,RHIT,2,,10.0,2.0,2.0,10.0,25.0,Run,Rush,4.0,Donovan Snyder,,,,,,,Kyzer Bowen,,,,,,,,,,,,,,,,,,,,,,,,,,,,,,,,01:11,71,16,20,4,1,2,1,,,,,,,
111,Rose-Hulman,D,RHIT,2,,10.0,3.0,3.0,6.0,29.0,Pass,Complete,12.0,,Thompson LE,Complete,Nick Hamman,,,,WinstonAmankwah,,,,,,,,,,,,,,,,,,,,,,,,,,True,,,,,,01:11,71,16,20,4,1,2,1,,,,,,,
112,Rose-Hulman,D,RHIT,2,,10.0,4.0,1.0,10.0,41.0,Run,Rush,5.0,Donovan Snyder,,,,,,,Bo Thomas,,,,,,,,,,,,,,,,,,,,,,,,,,,,,,,,01:11,71,16,20,4,1,2,1,,,,,,,
113,Rose-Hulman,D,RHIT,2,,10.0,5.0,2.0,5.0,46.0,Pass,Complete,16.0,,Thompson middle,Complete,J. Clayborne,,,,Chaikou Sow,,,,,,,,,,,,,,,,,,,,,,,,,,True,,,,,Half,01:11,71,16,20,4,1,2,1,,,,,,,
114,Rose-Hulman,K,WAB,3,,,,,,,KO,Out of bounds,,,,,,,,,,,,,,,,,,,Jacob Handley,57.0,8.0,Out of bounds,,,,,,,,,,,,,,,,,,,15:00,1800,20,16,4,3,3,3,,,,,,,
115,Rose-Hulman,D,RHIT,3,,11.0,1.0,0.0,10.0,-35.0,Pass,Complete,13.0,,Dion middle,Complete,Noah Thomas,,,,,,,,,,,,,,,,,,,,,,,,,,,,,,True,,,,,,15:00,1800,16,20,4,3,3,3,,,,,,,
116,Rose-Hulman,D,RHIT,3,,11.0,2.0,1.0,10.0,-48.0,Pass,Complete,17.0,,Dion LE,Complete,Daniel Huery,,,,Josh Myers,,,,,,,,,,,,,,,,,,,,,,,,,,,,True,,,,15:00,1800,16,20,4,3,3,3,holding,RHIT,,,,,10.0
117,Rose-Hulman,D,RHIT,3,,11.0,3.0,1.0,20.0,-38.0,Pass,Incomplete,0.0,,Dion LE,Incomplete,Alex Gresock,,,,,,,,,,,,,,,,,,,,,,,,,,,,,,,,,,,,15:00,1800,16,20,4,3,3,3,,,,,,,
118,Rose-Hulman,D,RHIT,3,,11.0,4.0,2.0,20.0,-38.0,Pass,Incomplete,0.0,,Dion middle,Incomplete,,,,,,,,,,,,,,,,,,,,,,,,,,,,,,,,,,,,,15:00,1800,16,20,4,3,3,3,,,,,,,
119,Rose-Hulman,,RHIT,3,,,,3.0,20.0,-38.0,Timeout,Timeout,,,,,,,,,,,,,,,,,,,,,,,,,,,,,,,,,,Rose-Hulman,,,,,,,15:00,1800,16,20,4,3,3,3,,,,,,,
120,Rose-Hulman,D,RHIT,3,,11.0,5.0,3.0,20.0,-38.0,Run,Rush,8.0,Andrew Dion,,,,,,,David Marsh,,,,,,,,,,,,,,,,,,,,,,,,,,,,,,,Punt,13:32,1712,16,20,4,3,2,3,,,,,,,
121,Rose-Hulman,K,RHIT,3,,,,4.0,12.0,-46.0,Punt Rec,Fair Catch,,,,,,,,,,,,,,,,,,,,,,,,Andrew Toler,32.0,22.0,Fair Catch,,,,,,,,,,,,,,13:32,1712,16,20,4,3,2,3,,,,,,,
122,Rose-Hulman,O,WAB,3,,10.0,1.0,0.0,10.0,-22.0,Run,Rush,6.0,Cade Campbell,,,,,,,Michael Stevens,,,,,,,,,,,,,,,,,,,,,,,,,,,,,,,,12:48,1668,20,16,4,3,3,2,,,,,,,
123,Rose-Hulman,O,WAB,3,,10.0,2.0,2.0,4.0,-28.0,Pass,Incomplete,0.0,,Thompson RE,Incomplete,Derek Allen,,,,,,,,,,,,,,,,,,,,,,,,,,,,,,,,,,,,12:48,1668,20,16,4,3,3,2,,,,,,,
124,Rose-Hulman,O,WAB,3,,10.0,3.0,3.0,4.0,-28.0,Pass,Complete,44.0,,Thompson LE,Complete,Cade Campbell,,,,WinstonAmankwah,,,,,,,,,,,,,,,,,,,,,,,,,,True,,,,,,12:48,1668,20,16,4,3,3,2,,,,,,,
125,Rose-Hulman,O,WAB,3,,10.0,4.0,1.0,10.0,28.0,Run,Rush,6.0,Donovan Snyder,,,,,,,Pete Cross,,,,,,,,,,,,,,,,,,,,,,,,,,,,,,,,12:48,1668,20,16,4,3,3,2,,,,,,,
126,Rose-Hulman,O,WAB,3,,10.0,5.0,2.0,4.0,22.0,Run,Rush,2.0,Donovan Snyder,,,,,,,Kyzer Bowen,,,,,,,,,,,,,,,,,,,,,,,,,,,,,,,,12:48,1668,20,16,4,3,3,2,,,,,,,
127,Rose-Hulman,O,WAB,3,,10.0,6.0,3.0,2.0,20.0,Run,Rush,9.0,Liam Thompson,,,,,,,Cameron Dorsey,,,,,,,,,,,,,,,,,,,,,,,,,,True,,,,,,12:48,1668,20,16,4,3,3,2,,,,,,,
128,Rose-Hulman,O,WAB,3,,10.0,7.0,1.0,10.0,11.0,Pass,Complete,11.0,,Thompson middle,Complete,J. Clayborne,,,,,,,,,,,,,,,,,,,,,,,,,,,,,,True,True,,,,TD,12:48,1668,20,16,4,3,3,2,,,,,,,
129,Rose-Hulman,K,WAB,3,,,,1.0,3.0,3.0,Extra Pt.,Blocked,,,,,,,,,,,,,,,,,,,,,,,,,,,,,Jacob Handley,,,Blocked,,,,,,,,,10:18,1518,26,16,10,3,3,2,,,,,,,
130,Rose-Hulman,K,WAB,3,,,,1.0,-35.0,-35.0,KO,,,,,,,,,,,,,,,,,,,,Jacob Handley,65.0,0.0,,,,,,,,,,,,,,,,,,,,10:18,1518,26,16,10,3,3,2,,,,,,,
131,Rose-Hulman,D,RHIT,3,,12.0,1.0,0.0,10.0,-25.0,Run,Rush,-4.0,Shane Welshans,,,,,,,Joe Rios,,,,,,,,,,,,,,,,,,,,,,,,,,,,,,,,10:18,1518,16,26,10,3,2,3,,,,,,,
132,Rose-Hulman,D,RHIT,3,,12.0,2.0,2.0,14.0,-21.0,Pass,Incomplete,0.0,,Dion LE,Incomplete,Adam Tice-Saliu,,,,,,,,,,,,,,,,,,,,,,,,,,,,,,,,,,,,10:18,1518,16,26,10,3,2,3,,,,,,,
133,Rose-Hulman,D,RHIT,3,,12.0,3.0,3.0,14.0,-21.0,Pass,Complete,4.0,,Dion middle,Complete,Shane Welshans,,,,Seth Buresh,,,,,,,,,,,,,,,,,,,,,,,,,,,,,,,Punt,10:18,1518,16,26,10,3,2,3,,,,,,,
134,Rose-Hulman,K,RHIT,3,,,,4.0,10.0,-25.0,Punt Rec,Fair Catch,,,,,,,,,,,,,,,,,,,,,,,,Andrew Toler,32.0,43.0,Fair Catch,,,,,,,,,,,,,,10:18,1518,16,26,10,3,2,3,,,,,,,
135,Rose-Hulman,O,WAB,3,,11.0,1.0,0.0,10.0,-43.0,Run,Rush,-3.0,,,,,,,,,,True,TEAM,,WAB,Liam Thompson,,,,,,,,,,,,,,,,,,,,,,,,,,09:02,1442,26,16,10,3,3,2,,,,,,,
136,Rose-Hulman,O,WAB,3,,11.0,2.0,2.0,13.0,-40.0,Run,Rush,1.0,Liam Thompson,,,,,,,Michael Stevens,,,,,,,,,,,,,,,,,,,,,,,,,,,,,,,,09:02,1442,26,16,10,3,3,2,holding,WAB,,,,,10.0
137,Rose-Hulman,O,WAB,3,,11.0,3.0,2.0,22.0,-31.0,Run,Rush,-2.0,Cade Campbell,,,,,,,Kyzer Bowen,Deven Cobb,,,,,,,,,,,,,,,,,,,,,,,,,,,,,,,09:02,1442,26,16,10,3,3,2,,,,,,,
138,Rose-Hulman,O,WAB,3,,11.0,4.0,3.0,24.0,-29.0,Run,Rush,10.0,Cade Campbell,,,,,,,Rashard Brown,Pete Cross,,,,,,,,,,,,,,,,,,,,,,,,,,,,,,Punt,09:02,1442,26,16,10,3,3,2,,,,,,,
139,Rose-Hulman,K,WAB,3,,,,4.0,14.0,-39.0,Punt,Return,,,,,,,,,Ryan Papandria,Vaughn Taylor,,,,,,Jailen Hobbs,0,21.0,,,,,,Joey Annee,40.0,21.0,Return,,,,,,,,,,,,,,09:02,1442,26,16,10,3,3,2,,,,,,,
140,Rose-Hulman,D,RHIT,3,,13.0,1.0,0.0,10.0,-21.0,Run,Rush,6.0,Noah Thomas,,,,,,,Kamron Ferguson,,,,,,,,,,,,,,,,,,,,,,,,,,,,,,,,06:32,1292,16,26,10,3,2,3,,,,,,,
141,Rose-Hulman,D,RHIT,3,,13.0,2.0,2.0,4.0,-27.0,Pass,Sack,-5.0,,Andrew Dion,Sack,,,,,J. Washington,,True,Andrew Dion,,WAB,Sean Sinovic,,,,,,,,,,,,,,,,,,,,,,,,,Fumble,06:32,1292,16,26,10,3,2,3,,,,,,,
142,Rose-Hulman,O,WAB,3,,12.0,1.0,0.0,10.0,22.0,Pass,Incomplete,0.0,,Thompson LE,Incomplete,Cooper Sullivan,,,,Tyce Miller,,,,,,,,,,,,,,,,,,,,,,,,,,True,,True,,,,05:57,1257,26,16,10,3,3,2,holding,RHIT,,,,,10.0
143,Rose-Hulman,O,WAB,3,,12.0,2.0,1.0,10.0,12.0,Run,Rush,-6.0,Derek Allen,,,,,,,Bo Thomas,,,,,,,,,,,,,,,,,,,,,,,,,,,,,,,,05:57,1257,26,16,10,3,3,2,,,,,,,
144,Rose-Hulman,O,WAB,3,,12.0,3.0,2.0,16.0,18.0,Pass,Complete,18.0,,Thompson RE,Complete,J. Clayborne,,,,,,,,,,,,,,,,,,,,,,,,,,,,,,True,True,,,,TD,05:57,1257,26,16,10,3,3,2,,,,,,,
145,Rose-Hulman,K,WAB,3,,,,1.0,3.0,3.0,Extra Pt.,Good,,,,,,,,,,,,,,,,,,,,,,,,,,,,,Jacob Handley,,,Good,,,,,,,,,04:54,1194,32,16,16,3,3,2,,,,,,,
146,Rose-Hulman,K,WAB,3,,,,1.0,-35.0,-35.0,KO,Return,,,,,,,,,Owen Volk,,,,,,,Jailen Hobbs,27,31.0,Jacob Handley,61.0,4.0,Return,,,,,,,,,,,,,,,,,,,04:54,1194,33,16,17,3,3,2,,,,,,,
147,Rose-Hulman,D,RHIT,3,,14.0,1.0,0.0,10.0,-31.0,Pass,Incomplete,0.0,,Dion LE,Incomplete,Adam Tice-Saliu,,,,,,,,,,,,,,,,,,,,,,,,,,,,,,,,,,,,04:39,1179,16,33,17,3,2,3,,,,,,,
148,Rose-Hulman,D,RHIT,3,,14.0,2.0,2.0,10.0,-31.0,Run,Rush,4.0,Shane Welshans,,,,,,,Casey Crozier,,,,,,,,,,,,,,,,,,,,,,,,,,,,,,,,04:39,1179,16,33,17,3,2,3,,,,,,,
149,Rose-Hulman,D,RHIT,3,,14.0,3.0,3.0,6.0,-35.0,Pass,Incomplete,0.0,,Dion RE,Incomplete,Adam Tice-Saliu,,,,Kamron Ferguson,,,,,,,,,,,,,,,,,,,,,,,,,,,,,,,,04:39,1179,16,33,17,3,2,3,,,,,,,
150,Rose-Hulman,D,RHIT,3,,14.0,4.0,4.0,6.0,-35.0,Pass,Incomplete,0.0,,Toler LE,Incomplete,Connor Schulte,,,,,,,,,,,,,,,,,,,,,,,,,,,,,,,,,,,Downs,04:39,1179,16,33,17,3,2,3,,,,,,,
151,Rose-Hulman,O,WAB,3,,13.0,1.0,0.0,10.0,35.0,Run,Rush,3.0,Donovan Snyder,,,,,,,Riley Roberts,,,,,,,,,,,,,,,,,,,,,,,,,,,,,,,,03:52,1132,33,16,17,3,3,2,,,,,,,
152,Rose-Hulman,O,WAB,3,,13.0,2.0,2.0,7.0,32.0,Run,Rush,3.0,Donovan Snyder,,,,,,,Kyzer Bowen,JonathanAnstett,,,,,,,,,,,,,,,,,,,,,,,,,,,,,,,03:52,1132,33,16,17,3,3,2,,,,,,,
153,Rose-Hulman,O,WAB,3,,13.0,3.0,3.0,4.0,29.0,Pass,Incomplete,0.0,,Thompson LE,Incomplete,Cooper Sullivan,,,,,,,,,,,,,,,,,,,,,,,,,,,,,,,,,,,Missed FG,03:52,1132,33,16,17,3,3,2,,,,,,,
154,Rose-Hulman,K,WAB,3,,,,4.0,4.0,29.0,FG,No Good,,,,,,,,,,,,,,,,,,,,,,,,,,,,,Jacob Handley,45.0,No Good,,,,,,,,,,03:52,1132,33,16,17,3,3,2,,,,,,,
155,Rose-Hulman,D,RHIT,3,,15.0,1.0,0.0,10.0,-29.0,Run,Rush,7.0,Daniel Huery,,,,,,,,,,,,,,,,,,,,,,,,,,,,,,,,,,,,,,,02:39,1059,16,33,17,3,2,3,,,,,,,
156,Rose-Hulman,D,RHIT,3,,15.0,2.0,2.0,3.0,-36.0,Run,Rush,4.0,Shane Welshans,,,,,,,Seth Buresh,,,,,,,,,,,,,,,,,,,,,,,,,,True,,,,,,02:39,1059,16,33,17,3,2,3,,,,,,,
157,Rose-Hulman,D,RHIT,3,,15.0,3.0,1.0,10.0,-20.0,Pass,Interception,0.0,,Andrew Dion,Interception,,,Avery Epstein,,,,True,Avery Epstein,Adam Tice-Saliu,RHIT,Tyler Smith,Avery Epstein,54,0.0,,,,,,,,,,,,,,,,,,,,,,Interception,02:39,1059,16,33,17,3,2,3,,,,,,,
158,Rose-Hulman,D,RHIT,3,,15.0,4.0,1.0,10.0,-20.0,Run,Rush,2.0,Shane Welshans,,,,,,,Clayton McPeek,,,,,,,,,,,,,,,,,,,,,,,,,,,,,,,,01:43,1003,16,33,17,3,2,3,,,,,,,
159,Rose-Hulman,D,RHIT,3,,15.0,5.0,2.0,8.0,-22.0,Pass,Complete,11.0,,Dion RE,Complete,Jailen Hobbs,,,,,,,,,,,,,,,,,,,,,,,,,,,,,,True,,,,,,01:43,1003,16,33,17,3,2,3,,,,,,,
160,Rose-Hulman,D,RHIT,3,,15.0,6.0,1.0,10.0,-33.0,Run,Rush,-2.0,Shane Welshans,,,,,,,Will Olive,Clayton McPeek,,,,,,,,,,,,,,,,,,,,,,,,,,,True,,,,01:43,1003,16,33,17,3,2,3,holding,RHIT,,,,,10.0
161,Rose-Hulman,D,RHIT,3,,15.0,7.0,1.0,20.0,-23.0,Pass,Incomplete,0.0,,Andrew Dion,Incomplete,Adam Tice-Saliu,,,,Jose Franco,,,,,,,,,,,,,,,,,,,,,,,,,,,,,,,,01:43,1003,16,33,17,3,2,3,,,,,,,
162,Rose-Hulman,D,RHIT,3,,15.0,8.0,2.0,20.0,-23.0,Pass,Complete,2.0,,Andrew Dion,Complete,Shane Welshans,,,,Joe Rios,,,,,,,,,,,,,,,,,,,,,,,,,,,,,,,,01:43,1003,16,33,17,3,2,3,,,,,,,
163,Rose-Hulman,D,RHIT,3,,15.0,9.0,3.0,18.0,-25.0,Run,Rush,0.0,Andrew Dion,,,,,,,Cade Lansdell,,,,,,,,,,,,,,,,,,,,,,,,,,,,,,,Punt,01:43,1003,16,33,17,3,2,3,,,,,,,
164,Rose-Hulman,K,RHIT,4,,,,4.0,18.0,-25.0,Punt Rec,Fair Catch,,,,,,,,,,,,,,,,,,,,,,,,Andrew Toler,37.0,38.0,Fair Catch,,,,,,,,,,,,,,15:00,900,16,33,17,3,2,3,,,,,,,
165,Rose-Hulman,O,WAB,4,,14.0,1.0,0.0,10.0,-38.0,Run,Rush,0.0,Cade Campbell,,,,,,,Pete Cross,,,,,,,,,,,,,,,,,,,,,,,,,,,,,,,,14:48,888,33,16,17,3,3,2,,,,,,,
166,Rose-Hulman,O,WAB,4,,14.0,2.0,2.0,10.0,-38.0,Run,Rush,3.0,Cade Campbell,,,,,,,Connor Schulte,,,,,,,,,,,,,,,,,,,,,,,,,,,,,,,,14:48,888,33,16,17,3,3,2,,,,,,,
167,Rose-Hulman,,WAB,4,,,,3.0,7.0,-41.0,Penalty,Penalty,,,,,,,,,,,,,,,,,,,,,,,,,,,,,,,,,,,,,,,,,14:48,888,33,16,17,3,3,2,personal foul,WAB,,,,,15.0
168,Rose-Hulman,O,WAB,4,,14.0,3.0,3.0,22.0,-26.0,Pass,Sack,-11.0,,Liam Thompson,Sack,,,,,Sam Hedrick,Connor Schulte,,,,,,,,,,,,,,,,,,,,,,,,,,,,,,Punt,14:48,888,33,16,17,3,3,2,,,,,,,
169,Rose-Hulman,K,WAB,4,,,,4.0,33.0,-15.0,Punt,,,,,,,,,,,,,,,,,,,,,,,,,Joey Annee,73.0,12.0,,,,,,,,,,,,,,,14:48,888,33,16,17,3,3,2,,,,,,,
170,Rose-Hulman,D,RHIT,4,,16.0,1.0,0.0,10.0,-12.0,Pass,Complete,12.0,,Dion RE,Complete,Adam Tice-Saliu,,,,Jose Franco,,,,,,,,,,,,,,,,,,,,,,,,,,True,,,,,,13:14,794,16,33,17,3,2,3,,,,,,,
171,Rose-Hulman,D,RHIT,4,,16.0,2.0,1.0,10.0,-24.0,Pass,Interception,0.0,,Dion middle,Interception,,,Jose Franco,,Avery Epstein,,,,,,,,,,,,,,,,,,,,,,,,,,,,,,,Interception,13:14,794,16,33,17,3,2,3,,,,,,,
172,Rose-Hulman,O,WAB,4,,15.0,1.0,0.0,10.0,-30.0,Run,Rush,5.0,Donovan Snyder,,,,,,,Kyzer Bowen,,,,,,,,,,,,,,,,,,,,,,,,,,,,,,,,12:42,762,33,16,17,3,3,2,,,,,,,
173,Rose-Hulman,O,WAB,4,,15.0,2.0,2.0,5.0,-35.0,Run,Rush,0.0,Donovan Snyder,,,,,,,Pete Cross,,,,,,,,,,,,,,,,,,,,,,,,,,,,,,,,12:42,762,33,16,17,3,3,2,,,,,,,
174,Rose-Hulman,O,WAB,4,,15.0,3.0,3.0,5.0,-35.0,Pass,Complete,40.0,,Thompson middle,Complete,Heisman Skeens,,,,Cameron Dorsey,,,,,,,,,,,,,,,,,,,,,,,,,,True,,,,,,12:42,762,33,16,17,3,3,2,,,,,,,
175,Rose-Hulman,O,WAB,4,,15.0,4.0,1.0,10.0,25.0,Run,Rush,3.0,Cade Campbell,,,,,,,Pete Cross,,,,,,,,,,,,,,,,,,,,,,,,,,,,,,,,12:42,762,33,16,17,3,3,2,,,,,,,
176,Rose-Hulman,O,WAB,4,,15.0,5.0,2.0,7.0,22.0,Run,Rush,2.0,Cade Campbell,,,,,,,Michael Stevens,,,,,,,,,,,,,,,,,,,,,,,,,,,,,,,,12:42,762,33,16,17,3,3,2,,,,,,,
177,Rose-Hulman,O,WAB,4,,15.0,6.0,3.0,5.0,20.0,Pass,Incomplete,0.0,,Thompson LE,Incomplete,Zane Thomas,,,,,,,,,,,,,,,,,,,,,,,,,,,,,,,,,,,,12:42,762,33,16,17,3,3,2,,,,,,,
178,Rose-Hulman,O,WAB,4,,15.0,7.0,4.0,5.0,20.0,Run,Rush,3.0,Liam Thompson,,,,,,,Riley Roberts,,,,,,,,,,,,,,,,,,,,,,,,,,,,,,,Downs,12:42,762,33,16,17,3,3,2,,,,,,,
179,Rose-Hulman,D,RHIT,4,,17.0,1.0,0.0,10.0,-17.0,Pass,Incomplete,0.0,,Dion RE,Incomplete,Adam Tice-Saliu,,,,Jose Franco,,,,,,,,,,,,,,,,,,,,,,,,,,,,,,,,09:05,545,16,33,17,3,2,3,,,,,,,
180,Rose-Hulman,D,RHIT,4,,17.0,2.0,2.0,10.0,-17.0,Run,Rush,2.0,Grant Ripperda,,,,,,,Clayton McPeek,,,,,,,,,,,,,,,,,,,,,,,,,,,,,,,,09:05,545,16,33,17,3,2,3,,,,,,,
181,Rose-Hulman,D,RHIT,4,,17.0,3.0,3.0,8.0,-19.0,Pass,Incomplete,0.0,,Dion middle,Incomplete,Adam Tice-Saliu,,,,,,,,,,,,,,,,,,,,,,,,,,,,,,,,,,,Punt,09:05,545,16,33,17,3,2,3,,,,,,,
182,Rose-Hulman,K,RHIT,4,,,,4.0,8.0,-19.0,Punt Rec,,,,,,,,,,,,,,,,,,,,,,,,,Andrew Toler,50.0,31.0,,,,,,,,,,,,,,,09:05,545,16,33,17,3,2,3,,,,,,,
183,Rose-Hulman,O,WAB,4,,16.0,1.0,0.0,10.0,-31.0,Run,Rush,5.0,Donovan Snyder,,,,,,,Michael Stevens,,,,,,,,,,,,,,,,,,,,,,,,,,,,,,,,08:12,492,33,16,17,3,3,2,,,,,,,
184,Rose-Hulman,O,WAB,4,,16.0,2.0,2.0,5.0,-36.0,Run,Rush,0.0,Donovan Snyder,,,,,,,Kyzer Bowen,,,,,,,,,,,,,,,,,,,,,,,,,,,,,,,,08:12,492,33,16,17,3,3,2,,,,,,,
185,Rose-Hulman,O,WAB,4,,16.0,3.0,3.0,5.0,-36.0,Pass,Complete,14.0,,Thompson RE,Complete,Cooper Sullivan,,,,Kyzer Bowen,,,,,,,,,,,,,,,,,,,,,,,,,,True,,,,,,08:12,492,33,16,17,3,3,2,,,,,,,
186,Rose-Hulman,O,WAB,4,,16.0,4.0,1.0,10.0,-50.0,Run,Rush,9.0,Donovan Snyder,,,,,,,Tyce Miller,Chaikou Sow,,,,,,,,,,,,,,,,,,,,,,,,,,,,,,,08:12,492,33,16,17,3,3,2,,,,,,,
187,Rose-Hulman,O,WAB,4,,16.0,5.0,2.0,1.0,41.0,Run,Rush,0.0,Donovan Snyder,,,,,,,Pete Cross,,,,,,,,,,,,,,,,,,,,,,,,,,,,,,,,08:12,492,33,16,17,3,3,2,,,,,,,
188,Rose-Hulman,O,WAB,4,,16.0,6.0,3.0,1.0,41.0,Run,Rush,2.0,Donovan Snyder,,,,,,,Bo Thomas,,,,,,,,,,,,,,,,,,,,,,,,,,True,,,,,,08:12,492,33,16,17,3,3,2,,,,,,,
189,Rose-Hulman,O,WAB,4,,16.0,7.0,1.0,10.0,39.0,Run,Rush,-1.0,Cade Campbell,,,,,,,Pete Cross,,,,,,,,,,,,,,,,,,,,,,,,,,,,,,,,08:12,492,33,16,17,3,3,2,,,,,,,
190,Rose-Hulman,O,WAB,4,,16.0,8.0,2.0,11.0,40.0,Run,Rush,1.0,Cade Campbell,,,,,,,Michael Stevens,JonathanAnstett,,,,,,,,,,,,,,,,,,,,,,,,,,,,,,,08:12,492,33,16,17,3,3,2,,,,,,,
191,Rose-Hulman,O,WAB,4,,16.0,9.0,3.0,10.0,39.0,Run,Rush,-1.0,Cade Campbell,,,,,,,Riley Roberts,,,,,,,,,,,,,,,,,,,,,,,,,,,,,,,Punt,08:12,492,33,16,17,3,3,2,,,,,,,
192,Rose-Hulman,,WAB,4,,,,4.0,11.0,40.0,Timeout,Timeout,,,,,,,,,,,,,,,,,,,,,,,,,,,,,,,,,,Rose-Hulman,,,,,,,08:12,492,33,16,17,3,3,2,,,,,,,
193,Rose-Hulman,K,WAB,4,,,,4.0,11.0,40.0,Punt,Out of bounds,,,,,,,,,,,,,,,,,,,,,,,,Joey Annee,25.0,15.0,Out of bounds,,,,,,,,,,,,,,01:54,114,33,16,17,3,3,1,,,,,,,
194,Rose-Hulman,D,RHIT,4,,18.0,1.0,0.0,10.0,-15.0,Pass,Incomplete,0.0,,Dion middle,Incomplete,Adam Tice-Saliu,,,,,,,,,,,,,,,,,,,,,,,,,,,,,,,,,,,,01:47,107,16,33,17,3,1,3,,,,,,,
195,Rose-Hulman,D,RHIT,4,,18.0,2.0,2.0,10.0,-15.0,Pass,Complete,12.0,,Dion LE,Complete,Noah Thomas,,,,Avery Epstein,,,,,,,,,,,,,,,,,,,,,,,,,,True,,,,,,01:47,107,16,33,17,3,1,3,,,,,,,
196,Rose-Hulman,D,RHIT,4,,18.0,3.0,1.0,10.0,-27.0,Pass,Complete,1.0,,Dion RE,Complete,Noah Thomas,,,,,,,,,,,,,,,,,,,,,,,,,,,,,,,,,,,,01:47,107,16,33,17,3,1,3,,,,,,,
197,Rose-Hulman,D,RHIT,4,,18.0,4.0,2.0,9.0,-28.0,Pass,Incomplete,0.0,,Dion LE,Incomplete,Jailen Hobbs,,,,Seth Buresh,,,,,,,,,,,,,,,,,,,,,,,,,,,,,,,,01:47,107,16,33,17,3,1,3,,,,,,,
198,Rose-Hulman,D,RHIT,4,,18.0,5.0,3.0,9.0,-28.0,Pass,Complete,15.0,,Dion middle,Complete,Adam Tice-Saliu,,,,Josh Warmick,,,,,,,,,,,,,,,,,,,,,,,,,,True,,,,,,01:47,107,16,33,17,3,1,3,,,,,,,
199,Rose-Hulman,D,RHIT,4,,18.0,6.0,1.0,10.0,-43.0,Run,Rush,-1.0,Grant Ripperda,,,,,,,Casey Crozier,,,,,,,,,,,,,,,,,,,,,,,,,,,,,,,,01:47,107,16,33,17,3,1,3,,,,,,,
200,Rose-Hulman,D,RHIT,4,,18.0,7.0,2.0,11.0,-42.0,Pass,Complete,58.0,,Dion middle,Complete,Daniel Huery,,,,,,,,,,,,,,,,,,,,,,,,,,,,,,True,True,,,,TD,01:47,107,16,33,17,3,1,3,,,,,,,
201,Rose-Hulman,K,RHIT,4,,,,1.0,3.0,3.0,Extra Pt. Block,Good,,,,,,,,,,,,,,,,,,,,,,,,,,,,,Brett Tuttle,,,Good,,,,,,,,,00:01,1,22,33,11,3,1,3,,,,,,,
202,Rose-Hulman,K,RHIT,4,,,,1.0,-35.0,-35.0,KO Rec,,,,,,,,,,,,,,,,,,,,Jonathan Oliger,65.0,0.0,,,,,,,,,,,,,,,,,,,,00:01,1,23,33,10,3,1,3,,,,,,,
203,Rose-Hulman,O,WAB,4,,17.0,1.0,0.0,10.0,-25.0,Run,Rush,-5.0,,,,,,,,,,,,,,,,,,,,,,,,,,,,,,,,,,,,,,,Game,00:01,1,33,23,10,3,3,1,,,,,,,
