,quarter,game_clock,drive_num,drive_count,poss,down,dist,yl,terr,play_type,gain_loss,gnls_to_yl,gnls_to_terr,rusher,run_dir1,run_dir2,passer,pass_dir,intended,pass_result,intBy,int_terr,int_yl,pbuBy,hurriedBy,kicker,kick_yards,kick_terr,kick_yl,fg_dist,fg_result,xp_type,xp_result,retBy,ret_yards,ret_terr,ret_yl,tackler1,tackler2,fumble_num,fumbleBy,recoveredBy,recovery_team,recov_terr,recov_yl,presnap_pen,penalty,penOn,pen_team,no_play,timeout
0,1,15:00,1,0,FMC,,,,,,,,,,,,,,,,,,,,,,,,,,,,,,,,,,,,,,,,,,,,,,
1,1,15:00,1,1,FMC,,,,,Kickoff,,,,,,,,,,,,,,,,Jack Rodenberge,43,MUHL,22,,,,,,,,,,,,,,,,,,,,,,
2,1,15:00,2,0,MUHL,,,,,,,,,,,,,,,,,,,,,,,,,,,,,,,,,,,,,,,,,,,,,,
3,1,15:00,2,1,MUHL,1,10,-35,MUHL,,,,,,,,,,,,,,,,,,,,,,,,,,,,,,,,,,,,,,,,,,
4,1,15:00,2,2,MUHL,1,10,-35,MUHL,Run,-1.0,34,MUHL,Ethan Brader,,,,,,,,,,,,,,,,,,,,,,,,Jeff Decker,,,,,,,,,,,,,
5,1,15:00,2,3,MUHL,2,11,-34,MUHL,Run,19.0,47,FMC,Joe Repetti,,,,,,,,,,,,,,,,,,,,,,,,Matt Wertz,,,,,,,,,Holding,,MUHL,1.0,
6,1,15:00,2,4,MUHL,2,21,-24,MUHL,Pass,23.0,47,MUHL,,,,Joe Repetti,,Michael Feaster,Complete,,,,,,,,,,,,,,,,,,Matt Wertz,,,,,,,,,,,,,
7,1,15:00,2,5,MUHL,1,10,-47,MUHL,Run,1.0,48,MUHL,Ethan Brader,,,,,,,,,,,,,,,,,,,,,,,,Matt Wertz,,,,,,,,,,,,,
8,1,15:00,2,6,MUHL,2,9,-48,MUHL,Run,8.0,44,FMC,Joe Repetti,,,,,,,,,,,,,,,,,,,,,,,,Kevonte Beard,,,,,,,,,,,,,
9,1,15:00,2,7,MUHL,3,1,44,FMC,Run,7.0,37,FMC,Ethan Brader,,,,,,,,,,,,,,,,,,,,,,,,Jacob Hille,,,,,,,,,,,,,
10,1,15:00,2,8,MUHL,1,10,37,FMC,Pass,,,,,,,Joe Repetti,,Michael Feaster,Incomplete,,,,,,,,,,,,,,,,,,,,,,,,,,,,,,,
11,1,15:00,2,9,MUHL,2,10,37,FMC,Pass,5.0,32,FMC,,,,Joe Repetti,,Michael Feaster,Complete,,,,,,,,,,,,,,,,,,Kell Hall,,,,,,,,,,,,,
12,1,15:00,2,10,MUHL,3,5,32,FMC,Pass,12.0,20,FMC,,,,Joe Repetti,,Michael Feaster,Complete,,,,,,,,,,,,,,,,,,Jacob Hille,,,,,,,,,,,,,
13,1,15:00,2,11,MUHL,1,10,20,FMC,Run,2.0,18,FMC,Joe Repetti,,,,,,,,,,,,,,,,,,,,,,,,Matt Wertz,,,,,,,,,,,,,
14,1,15:00,2,12,MUHL,2,8,18,FMC,Pass,,,,,,,Joe Repetti,,C Ardito,Incomplete,,,,,,,,,,,,,,,,,,,,,,,,,,,Pass Interference,,FMC,1.0,
15,1,15:00,2,13,MUHL,1,3,3,FMC,Run,2.0,1,FMC,Joe Repetti,,,,,,,,,,,,,,,,,,,,,,,,Dante Medlar,,,,,,,,,,,,,
16,1,09:47,2,14,MUHL,2,1,1,FMC,Run,1.0,0,FMC,Ethan Brader,,,,,,,,,,,,,,,,,,,,,,,,,,,,,,,,,,,,,
17,1,09:47,2,15,MUHL,1,3,3,FMC,Extra Pt.,,,,,,,,,,,,,,,,Nick Stannard,,,,,,Kick,Good,,,,,,,,,,,,,,,,,,
18,1,09:47,2,16,MUHL,1,35,-35,MUHL,Kickoff,,,,,,,,,,,,,,,,C Fenstermaker,65,FMC,0,,,,,,,,,,,,,,,,,,,,,,
19,1,09:47,2,17,MUHL,,,,,,,,,,,,,,,,,,,,,,,,,,,,,,,,,,,,,,,,,,,,,,
20,1,09:47,3,0,FMC,,,,,,,,,,,,,,,,,,,,,,,,,,,,,,,,,,,,,,,,,,,,,,
21,1,09:47,3,1,FMC,1,10,-25,FMC,,,,,,,,,,,,,,,,,,,,,,,,,,,,,,,,,,,,,,,,,,
22,1,09:47,3,2,FMC,1,10,-25,FMC,Pass,5.0,30,FMC,,,,Ty Tremba,,Jack O'Hearen,Complete,,,,,,,,,,,,,,,,,,John Lohrer,,,,,,,,,,,,,
23,1,09:47,3,3,FMC,2,5,-30,FMC,Penalty,,,,,,,,,,,,,,,,,,,,,,,,,,,,,,,,,,,,1.0,Offside,,MUHL,,
24,1,09:47,3,4,FMC,1,10,-35,FMC,Run,4.0,39,FMC,Ty Tremba,,,,,,,,,,,,,,,,,,,,,,,,Kyle Dormer,,,,,,,,,,,,,
25,1,09:47,3,5,FMC,2,6,-39,FMC,Run,5.0,44,FMC,Ty Tremba,,,,,,,,,,,,,,,,,,,,,,,,A Sargenti,Owen Daddona,,,,,,,,,,,,
26,1,09:47,3,6,FMC,3,1,-44,FMC,Run,0.0,44,FMC,Aaron Rascoe,,,,,,,,,,,,,,,,,,,,,,,,Kyle Dormer,A Sargenti,,,,,,,,,,,,
27,1,09:47,3,7,FMC,4,1,-44,FMC,Punt,,,,,,,,,,,,,,,,Jack Rodenberge,35,MUHL,21,,,,,,,,,,,,,,,,,,,,,,
28,1,09:47,3,8,FMC,,,,,,,,,,,,,,,,,,,,,,,,,,,,,,,,,,,,,,,,,,,,,,
29,1,06:36,4,0,MUHL,,,,,,,,,,,,,,,,,,,,,,,,,,,,,,,,,,,,,,,,,,,,,,
30,1,06:36,4,1,MUHL,1,10,-21,MUHL,,,,,,,,,,,,,,,,,,,,,,,,,,,,,,,,,,,,,,,,,,
31,1,06:36,4,2,MUHL,1,10,-21,MUHL,Run,9.0,30,MUHL,Thomas Jenkins,,,,,,,,,,,,,,,,,,,,,,,,Matt Wertz,,,,,,,,,,,,,
32,1,06:36,4,3,MUHL,2,1,-30,MUHL,Run,0.0,30,MUHL,Aaron Daniels,,,,,,,,,,,,,,,,,,,,,,,,Bobby Buchys,,,,,,,,,,,,,
33,1,06:36,4,4,MUHL,3,1,-30,MUHL,Pass,11.0,41,MUHL,,,,Joe Repetti,,Zach Deldin,Complete,,,,,,,,,,,,,,,,,,Kell Hall,,,,,,,,,,,,,
34,1,06:36,4,5,MUHL,1,10,-41,MUHL,Run,-1.0,40,MUHL,Aaron Daniels,,,,,,,,,,,,,,,,,,,,,,,,Jacob Hille,Brian Lafty,,,,,,,,,,,,
35,1,06:36,4,6,MUHL,2,11,-40,MUHL,Pass,7.0,47,MUHL,,,,Joe Repetti,,Zach Deldin,Complete,,,,,,,,,,,,,,,,,,Dante Medlar,,,,,,,,,,,,,
36,1,06:36,4,7,MUHL,3,4,-47,MUHL,Pass,10.0,43,FMC,,,,Joe Repetti,,Michael Feaster,Complete,,,,,,,,,,,,,,,,,,Matt Wertz,,,,,,,,,,,,,
37,1,06:36,4,8,MUHL,1,10,43,FMC,Run,1.0,42,FMC,Aaron Daniels,,,,,,,,,,,,,,,,,,,,,,,,Jacob Hille,,,,,,,,,,,,,
38,1,06:36,4,9,MUHL,2,9,42,FMC,Run,1.0,41,FMC,Amari Dunn,,,,,,,,,,,,,,,,,,,,,,,,Brian Lafty,,,,,,,,,,,,,
39,1,06:36,4,10,MUHL,3,8,41,FMC,Pass,,,,,,,Joe Repetti,,P Esannason,Incomplete,,,,,,,,,,,,,,,,,,,,,,,,,,,,,,,
40,1,06:36,4,11,MUHL,4,8,41,FMC,Run,-3.0,44,FMC,Joe Repetti,,,,,,,,,,,,,,,,,,,,,,,,,,1.0,Joe Repetti,TE AM,MUHL,FMC,44,,,,,,
41,1,06:36,4,12,MUHL,,,,,,,,,,,,,,,,,,,,,,,,,,,,,,,,,,,,,,,,,,,,,,
42,1,01:40,5,0,FMC,,,,,,,,,,,,,,,,,,,,,,,,,,,,,,,,,,,,,,,,,,,,,,
43,1,01:40,5,1,FMC,1,10,-44,FMC,,,,,,,,,,,,,,,,,,,,,,,,,,,,,,,,,,,,,,,,,,
44,1,01:40,5,2,FMC,1,10,-44,FMC,Run,0.0,44,FMC,Ty Tremba,,,,,,,,,,,,,,,,,,,,,,,,K McDowdell,Quentin Ogren,,,,,,,,,,,,
45,1,01:40,5,3,FMC,2,10,-44,FMC,Pass,,,,,,,Ty Tremba,,Gary Lewis,Incomplete,,,,,,,,,,,,,,,,,,,,,,,,,,,,,,,
46,1,01:40,5,4,FMC,3,10,-44,FMC,Pass,10.0,46,MUHL,,,,Ty Tremba,,Jack O'Hearen,Complete,,,,,,,,,,,,,,,,,,Tyler Ekstrom,,,,,,,,,,,,,
47,1,01:40,5,5,FMC,1,10,46,MUHL,Run,7.0,39,MUHL,Aaron Rascoe,,,,,,,,,,,,,,,,,,,,,,,,John Lohrer,,,,,,,,,,,,,
48,2,01:40,6,0,FMC,,,,,,,,,,,,,,,,,,,,,,,,,,,,,,,,,,,,,,,,,,,,,,
49,2,15:00,6,1,FMC,2,3,39,MUHL,,,,,,,,,,,,,,,,,,,,,,,,,,,,,,,,,,,,,,,,,,
50,2,15:00,6,2,FMC,2,3,39,MUHL,Pass,24.0,15,MUHL,,,,Ty Tremba,,Will Higson,Complete,,,,,,,,,,,,,,,,,,Kyle Dormer,,,,,,,,,,,,,
51,2,15:00,6,3,FMC,1,10,15,MUHL,Pass,9.0,6,MUHL,,,,Ty Tremba,,Aaron Rascoe,Complete,,,,,,,,,,,,,,,,,,Kyle Dormer,,,,,,,,,,,,,
52,2,15:00,6,4,FMC,2,1,6,MUHL,Pass,,,,,,,Ty Tremba,,Brady Aselton,Incomplete,,,,,,,,,,,,,,,,,,,,,,,,,,,,,,,
53,2,15:00,6,5,FMC,3,1,6,MUHL,Run,5.0,1,MUHL,Ty Tremba,,,,,,,,,,,,,,,,,,,,,,,,Owen Daddona,,,,,,,,,,,,,
54,2,13:16,6,6,FMC,1,1,1,MUHL,Run,1.0,0,MUHL,Aaron Rascoe,,,,,,,,,,,,,,,,,,,,,,,,,,,,,,,,,,,,,
55,2,13:16,6,7,FMC,1,3,3,MUHL,Extra Pt.,,,,,,,,,,,,,,,,Laurence Miller,,,,,,Kick,Good,,,,,,,,,,,,,,,,,,
56,2,13:16,6,8,FMC,1,35,-35,FMC,Kickoff,,,,,,,,,,,,,,,,Jack Rodenberge,60,MUHL,5,,,,,Thomas Jenkins,,FMC,30,Jacob Hille,Matt Scully,,,,,,,,Offside,,FMC,1.0,
57,2,13:16,6,9,FMC,1,30,-30,FMC,Kickoff,,,,,,,,,,,,,,,,Jack Rodenberge,61,MUHL,9,,,,,Thomas Jenkins,20,MUHL,29,Jacob Hille,,,,,,,,,,,,,
58,2,13:16,6,10,FMC,,,,,,,,,,,,,,,,,,,,,,,,,,,,,,,,,,,,,,,,,,,,,,
59,2,13:00,7,0,MUHL,,,,,,,,,,,,,,,,,,,,,,,,,,,,,,,,,,,,,,,,,,,,,,
60,2,13:00,7,1,MUHL,1,10,-29,MUHL,,,,,,,,,,,,,,,,,,,,,,,,,,,,,,,,,,,,,,,,,,
61,2,13:00,7,2,MUHL,1,10,-29,MUHL,Pass,1.0,30,MUHL,,,,Joe Repetti,,Andrew Darno,Complete,,,,,,,,,,,,,,,,,,Dante Medlar,,,,,,,,,,,,,
62,2,13:00,7,3,MUHL,2,9,-30,MUHL,Pass,,,,,,,Joe Repetti,,Michael Feaster,Incomplete,,,,Matt Scully,,,,,,,,,,,,,,,,,,,,,,,,,,,
63,2,13:00,7,4,MUHL,3,9,-30,MUHL,Pass,,,,,,,Joe Repetti,,P Esannason,Incomplete,,,,Justin Gerhart,,,,,,,,,,,,,,,,,,,,,,,,,,,
64,2,13:00,7,5,MUHL,4,9,-30,MUHL,Punt,,,,,,,,,,,,,,,,Kevin Olifiers,45,FMC,25,,,,,Jack Sutton,3,FMC,28,Tanner Conlon,,,,,,,,,,,,,
65,2,13:00,7,6,MUHL,,,,,,,,,,,,,,,,,,,,,,,,,,,,,,,,,,,,,,,,,,,,,,
66,2,12:07,8,0,FMC,,,,,,,,,,,,,,,,,,,,,,,,,,,,,,,,,,,,,,,,,,,,,,
67,2,12:07,8,1,FMC,1,10,-28,FMC,,,,,,,,,,,,,,,,,,,,,,,,,,,,,,,,,,,,,,,,,,
68,2,12:07,8,2,FMC,1,10,-28,FMC,Run,2.0,30,FMC,Mitch Wagner,,,,,,,,,,,,,,,,,,,,,,,,Isaiah Lobelo,,,,,,,,,,,,,
69,2,12:07,8,3,FMC,2,8,-30,FMC,Penalty,,,,,,,,,,,,,,,,,,,,,,,,,,,,,,,,,,,,1.0,Offside,,MUHL,,
70,2,12:07,8,4,FMC,2,3,-35,FMC,Run,2.0,37,FMC,Ty Tremba,,,,,,,,,,,,,,,,,,,,,,,,Owen Daddona,,,,,,,,,,,,,
71,2,12:07,8,5,FMC,3,1,-37,FMC,Run,10.0,47,FMC,Aaron Rascoe,,,,,,,,,,,,,,,,,,,,,,,,Owen Daddona,,,,,,,,,,,,,
72,2,10:17,8,6,FMC,1,10,-47,FMC,Pass,53.0,0,MUHL,,,,Ty Tremba,,Gary Lewis,Complete,,,,,,,,,,,,,,,,,,,,,,,,,,,,,,,
73,2,10:17,8,7,FMC,1,3,3,MUHL,Extra Pt.,,,,,,,,,,,,,,,,Laurence Miller,,,,,,Kick,Good,,,,,,,,,,,,,,,,,,
74,2,10:17,8,8,FMC,1,35,-35,FMC,Kickoff,,,,,,,,,,,,,,,,Jack Rodenberge,65,MUHL,0,,,,,,,,,,,,,,,,,,,,,,
75,2,10:17,8,9,FMC,,,,,,,,,,,,,,,,,,,,,,,,,,,,,,,,,,,,,,,,,,,,,,
76,2,10:17,9,0,MUHL,,,,,,,,,,,,,,,,,,,,,,,,,,,,,,,,,,,,,,,,,,,,,,
77,2,10:17,9,1,MUHL,1,10,-25,MUHL,,,,,,,,,,,,,,,,,,,,,,,,,,,,,,,,,,,,,,,,,,
78,2,10:17,9,2,MUHL,1,10,-25,MUHL,Pass,,,,,,,Joe Repetti,,Christopher Ard,Incomplete,,,,,,,,,,,,,,,,,,,,,,,,,,,,,,,
79,2,10:17,9,3,MUHL,2,10,-25,MUHL,Pass,22.0,47,MUHL,,,,Joe Repetti,,Aaron Daniels,Complete,,,,,,,,,,,,,,,,,,Brian Lafty,,,,,,,,,Illegal Motion,,MUHL,1.0,
80,2,10:17,9,4,MUHL,2,15,-20,MUHL,Pass,6.0,26,MUHL,,,,Joe Repetti,,Christopher Ard,Complete,,,,,,,,,,,,,,,,,,Kevonte Beard,,,,,,,,,,,,,
81,2,10:17,9,5,MUHL,3,9,-26,MUHL,Pass,,,,,,,Joe Repetti,,Michael Feaster,Incomplete,,,,,,,,,,,,,,,,,,,,,,,,,,,,,,,
82,2,10:17,9,6,MUHL,4,9,-26,MUHL,Punt,,,,,,,,,,,,,,,,Kevin Olifiers,43,FMC,31,,,,,,,,,,,,,,,,,,,,,,
83,2,10:17,9,7,MUHL,,,,,,,,,,,,,,,,,,,,,,,,,,,,,,,,,,,,,,,,,,,,,,
84,2,08:54,10,0,FMC,,,,,,,,,,,,,,,,,,,,,,,,,,,,,,,,,,,,,,,,,,,,,,
85,2,08:54,10,1,FMC,1,10,-31,FMC,,,,,,,,,,,,,,,,,,,,,,,,,,,,,,,,,,,,,,,,,,
86,2,08:54,10,2,FMC,1,10,-31,FMC,Pass,,,,,,,Ty Tremba,,Gary Lewis,Incomplete,,,,,,,,,,,,,,,,,,,,,,,,,,,,,,,
87,2,08:54,10,3,FMC,2,10,-31,FMC,Run,5.0,36,FMC,Ty Tremba,,,,,,,,,,,,,,,,,,,,,,,,John Lohrer,,,,,,,,,,,,,
88,2,08:54,10,4,FMC,3,5,-36,FMC,Pass,5.0,41,FMC,,,,Ty Tremba,,Jack Sutton,Complete,,,,,,,,,,,,,,,,,,John Lohrer,,,,,,,,,,,,,
89,2,08:54,10,5,FMC,1,10,-41,FMC,Run,4.0,45,FMC,Ty Tremba,,,,,,,,,,,,,,,,,,,,,,,,Owen Daddona,K McDowdell,,,,,,,,,,,,
90,2,08:54,10,6,FMC,2,6,-45,FMC,Pass,,,,,,,Ty Tremba,,,Intercepted,Dom Visintin,FMC,49,,,,,,,,,,,Dom Visintin,25,FMC,24,Ty Tremba,,,,,,,,,,,,,
91,2,08:54,10,7,FMC,,,,,,,,,,,,,,,,,,,,,,,,,,,,,,,,,,,,,,,,,,,,,,
92,2,06:42,11,0,MUHL,,,,,,,,,,,,,,,,,,,,,,,,,,,,,,,,,,,,,,,,,,,,,,
93,2,06:42,11,1,MUHL,1,10,24,FMC,,,,,,,,,,,,,,,,,,,,,,,,,,,,,,,,,,,,,,,,,,
94,2,06:42,11,2,MUHL,1,10,24,FMC,Run,0.0,24,FMC,Joe Repetti,,,,,,,,,,,,,,,,,,,,,,,,Jacob Hille,,,,,,,,,,,,,
95,2,06:42,11,3,MUHL,2,10,24,FMC,Pass,-9.0,33,FMC,,,,Joe Repetti,,,Sack,,,,,,,,,,,,,,,,,,Kyle Jones,,,,,,,,,,,,,
96,2,06:42,11,4,MUHL,3,19,33,FMC,Run,17.0,16,FMC,Joe Repetti,,,,,,,,,,,,,,,,,,,,,,,,Dante Medlar,,,,,,,,,,,,,
97,2,06:42,11,5,MUHL,4,2,16,FMC,,,,,,,,,,,,,,,,,,,,,,,,,,,,,,,,,,,,,,,,,,
98,2,06:42,11,6,MUHL,,,,,,,,,,,,,,,,,,,,,,,,,,,,,,,,,,,,,,,,,,,,,,
99,2,04:22,12,0,FMC,,,,,,,,,,,,,,,,,,,,,,,,,,,,,,,,,,,,,,,,,,,,,,
100,2,04:22,12,1,FMC,1,10,-20,FMC,,,,,,,,,,,,,,,,,,,,,,,,,,,,,,,,,,,,,,,,,,
101,2,04:22,12,2,FMC,1,10,-20,FMC,Run,2.0,22,FMC,Ty Tremba,,,,,,,,,,,,,,,,,,,,,,,,K McDowdell,,,,,,,,,,,,,
102,2,04:22,12,3,FMC,2,8,-22,FMC,Pass,,,,,,,Ty Tremba,,Jack Sutton,Incomplete,,,,,,,,,,,,,,,,,,,,,,,,,,,,,,,
103,2,04:22,12,4,FMC,3,8,-22,FMC,Run,6.0,28,FMC,Ty Tremba,,,,,,,,,,,,,,,,,,,,,,,,Tyler Ekstrom,,,,,,,,,Offside,,MUHL,1.0,
104,2,04:22,12,5,FMC,3,3,-27,FMC,Pass,,,,,,,Ty Tremba,,Trey Glass,Incomplete,,,,,,,,,,,,,,,,,,,,,,,,,,,,,,,
105,2,04:22,12,6,FMC,4,3,-27,FMC,Punt,,,,,,,,,,,,,,,,Jack Rodenberge,32,MUHL,41,,,,,,,,,,,,,,,,,,Roughing The Kicker,,MUHL,1.0,
106,2,04:22,12,7,FMC,1,10,-42,FMC,Run,-2.0,40,FMC,Mitch Wagner,,,,,,,,,,,,,,,,,,,,,,,,Keshon Davila,Matt Papa,,,,,,,,,,,,
107,2,04:22,12,8,FMC,2,12,-40,FMC,Pass,1.0,41,FMC,,,,Ty Tremba,,Aaron Rascoe,Complete,,,,,,,,,,,,,,,,,,John Washington,,,,,,,,,Holding,,FMC,1.0,
108,2,04:22,12,9,FMC,2,22,-30,FMC,Run,13.0,43,FMC,Aaron Rascoe,,,,,,,,,,,,,,,,,,,,,,,,Kyle Dormer,,,,,,,,,,,,,
109,2,04:22,12,10,FMC,3,9,-43,FMC,Pass,-3.0,40,FMC,,,,Ty Tremba,,Aaron Rascoe,Complete,,,,,,,,,,,,,,,,,,Owen Daddona,,,,,,,,,,,,,
110,2,00:46,12,11,FMC,4,12,-40,FMC,Timeout,,,,,,,,,,,,,,,,,,,,,,,,,,,,,,,,,,,,,,,,,1.0
111,2,00:46,12,12,FMC,4,12,-40,FMC,Punt,,,,,,,,,,,,,,,,Jack Rodenberge,25,MUHL,35,,,,,,,,,,,,,,,,,,,,,,
112,2,00:46,12,13,FMC,,,,,,,,,,,,,,,,,,,,,,,,,,,,,,,,,,,,,,,,,,,,,,
113,2,00:41,13,0,MUHL,,,,,,,,,,,,,,,,,,,,,,,,,,,,,,,,,,,,,,,,,,,,,,
114,2,00:41,13,1,MUHL,1,10,-35,MUHL,,,,,,,,,,,,,,,,,,,,,,,,,,,,,,,,,,,,,,,,,,
115,2,00:41,13,2,MUHL,1,10,-35,MUHL,Pass,5.0,40,MUHL,,,,Joe Repetti,,Thomas Jenkins,Complete,,,,,,,,,,,,,,,,,,Brian Lafty,,,,,,,,,,,,,
116,2,00:41,13,3,MUHL,2,5,-40,MUHL,Pass,,,,,,,Joe Repetti,,Thomas Jenkins,Incomplete,,,,Kevonte Beard,,,,,,,,,,,,,,,,,,,,,,,,,,,
117,2,00:41,13,4,MUHL,3,5,-40,MUHL,Run,20.0,40,FMC,Aaron Daniels,,,,,,,,,,,,,,,,,,,,,,,,Dante Medlar,,,,,,,,,,,,,
118,2,00:12,13,5,MUHL,1,10,40,FMC,Timeout,,,,,,,,,,,,,,,,,,,,,,,,,,,,,,,,,,,,,,,,,1.0
119,2,00:12,13,6,MUHL,1,10,40,FMC,Run,8.0,32,FMC,Joe Repetti,,,,,,,,,,,,,,,,,,,,,,,,,,,,,,,,,,,,,
120,2,00:05,13,7,MUHL,2,2,32,FMC,Timeout,,,,,,,,,,,,,,,,,,,,,,,,,,,,,,,,,,,,,,,,,1.0
121,2,00:05,13,8,MUHL,2,2,32,FMC,Timeout,,,,,,,,,,,,,,,,,,,,,,,,,,,,,,,,,,,,,,,,,1.0
122,2,00:05,13,9,MUHL,2,2,32,FMC,Pass,,,,,,,Joe Repetti,,Thomas Jenkins,Incomplete,,,,Aaron Rascoe,,,,,,,,,,,,,,,,,,,,,,,,,,,
123,2,00:00,13,10,MUHL,3,2,32,FMC,,,,,,,,,,,,,,,,,,,,,,,,,,,,,,,,,,,,,,,,,,
124,2,00:00,13,11,MUHL,,,,,,,,,,,,,,,,,,,,,,,,,,,,,,,,,,,,,,,,,,,,,,
125,3,15:00,14,0,MUHL,,,,,,,,,,,,,,,,,,,,,,,,,,,,,,,,,,,,,,,,,,,,,,
126,3,15:00,14,1,MUHL,,,,,Kickoff,,,,,,,,,,,,,,,,C Fenstermaker,62,FMC,3,,,,,Matt Scully,22,FMC,25,Owen Daddona,,,,,,,,,,,,,
127,3,14:50,15,0,FMC,,,,,,,,,,,,,,,,,,,,,,,,,,,,,,,,,,,,,,,,,,,,,,
128,3,14:50,15,1,FMC,1,10,-25,FMC,,,,,,,,,,,,,,,,,,,,,,,,,,,,,,,,,,,,,,,,,,
129,3,14:50,15,2,FMC,1,10,-25,FMC,Pass,18.0,43,FMC,,,,Ty Tremba,,Will Higson,Complete,,,,,,,,,,,,,,,,,,Owen Daddona,,,,,,,,,,,,,
130,3,14:50,15,3,FMC,1,10,-43,FMC,Run,-1.0,42,FMC,Aaron Rascoe,,,,,,,,,,,,,,,,,,,,,,,,Keshon Davila,,,,,,,,,Personal Foul,,MUHL,1.0,
131,3,14:50,15,4,FMC,1,10,42,MUHL,Pass,5.0,37,MUHL,,,,Ty Tremba,,Jack O'Hearen,Complete,,,,,,,,,,,,,,,,,,Tyler Ekstrom,,,,,,,,,,,,,
132,3,14:50,15,5,FMC,2,5,37,MUHL,Run,2.0,35,MUHL,Aaron Rascoe,,,,,,,,,,,,,,,,,,,,,,,,K McDowdell,Alex Batista,,,,,,,,,,,,
133,3,14:50,15,6,FMC,3,3,35,MUHL,Run,5.0,30,MUHL,Ty Tremba,,,,,,,,,,,,,,,,,,,,,,,,Owen Daddona,,,,,,,,,,,,,
134,3,14:50,15,7,FMC,1,10,30,MUHL,Pass,,,,,,,Ty Tremba,,Gary Lewis,Incomplete,,,,,,,,,,,,,,,,,,,,,,,,,,,,,,,
135,3,14:50,15,8,FMC,2,10,30,MUHL,Run,2.0,28,MUHL,Aaron Rascoe,,,,,,,,,,,,,,,,,,,,,,,,Owen Daddona,Tyler Ekstrom,,,,,,,,,,,,
136,3,14:50,15,9,FMC,3,8,28,MUHL,Pass,9.0,19,MUHL,,,,Ty Tremba,,Jack Sutton,Complete,,,,,,,,,,,,,,,,,,Dom Visintin,,,,,,,,,Holding,,FMC,1.0,
137,3,14:50,15,10,FMC,3,18,38,MUHL,Pass,,,,,,,Ty Tremba,,Jack Sutton,Incomplete,,,,,,,,,,,,,,,,,,,,,,,,,,,,,,,
138,3,14:50,15,11,FMC,4,18,38,MUHL,Penalty,,,,,,,,,,,,,,,,,,,,,,,,,,,,,,,,,,,,1.0,,,,,
139,3,14:50,15,12,FMC,4,18,38,MUHL,Punt,,,,,,,,,,,,,,,,Jack Rodenberge,25,MUHL,13,,,,,,,,,,,,,,,,,,,,,,
140,3,14:50,15,13,FMC,,,,,,,,,,,,,,,,,,,,,,,,,,,,,,,,,,,,,,,,,,,,,,
141,3,10:17,16,0,MUHL,,,,,,,,,,,,,,,,,,,,,,,,,,,,,,,,,,,,,,,,,,,,,,
142,3,10:17,16,1,MUHL,1,10,-13,MUHL,,,,,,,,,,,,,,,,,,,,,,,,,,,,,,,,,,,,,,,,,,
143,3,10:17,16,2,MUHL,1,10,-13,MUHL,Run,8.0,21,MUHL,Michael Feaster,,,,,,,,,,,,,,,,,,,,,,,,Matt Wertz,,,,,,,,,,,,,
144,3,10:17,16,3,MUHL,2,2,-21,MUHL,Run,9.0,30,MUHL,Ethan Brader,,,,,,,,,,,,,,,,,,,,,,,,Jacob Hille,,,,,,,,,,,,,
145,3,10:17,16,4,MUHL,1,10,-30,MUHL,Run,2.0,32,MUHL,Christopher Ard,,,,,,,,,,,,,,,,,,,,,,,,Owen Walsh,,,,,,,,,,,,,
146,3,10:17,16,5,MUHL,2,8,-32,MUHL,Pass,,,,,,,Joe Repetti,,Michael Feaster,Incomplete,,,,,,,,,,,,,,,,,,,,,,,,,,,,,,,
147,3,10:17,16,6,MUHL,3,8,-32,MUHL,Run,29.0,39,FMC,Joe Repetti,,,,,,,,,,,,,,,,,,,,,,,,Dante Medlar,,,,,,,,,,,,,
148,3,10:17,16,7,MUHL,1,10,39,FMC,Run,10.0,29,FMC,Joe Repetti,,,,,,,,,,,,,,,,,,,,,,,,,,,,,,,,,,,,,
149,3,10:17,16,8,MUHL,1,10,29,FMC,Pass,,,,,,,Joe Repetti,,P Esannason,Incomplete,,,,,,,,,,,,,,,,,,,,,,,,,,,,,,,
150,3,10:17,16,9,MUHL,2,10,29,FMC,Run,1.0,28,FMC,Ethan Brader,,,,,,,,,,,,,,,,,,,,,,,,Jeff Decker,,,,,,,,,,,,,
151,3,10:17,16,10,MUHL,3,9,28,FMC,Pass,,,,,,,Joe Repetti,,Thomas Jenkins,Incomplete,,,,,,,,,,,,,,,,,,,,,,,,,,,,,,,
152,3,10:17,16,11,MUHL,4,9,28,FMC,Pass,,,,,,,Joe Repetti,,Zach Deldin,Incomplete,,,,,,,,,,,,,,,,,,,,,,,,,,,,,,,
153,3,10:17,16,12,MUHL,,,,,,,,,,,,,,,,,,,,,,,,,,,,,,,,,,,,,,,,,,,,,,
154,3,07:30,17,0,FMC,,,,,,,,,,,,,,,,,,,,,,,,,,,,,,,,,,,,,,,,,,,,,,
155,3,07:30,17,1,FMC,1,10,-28,FMC,,,,,,,,,,,,,,,,,,,,,,,,,,,,,,,,,,,,,,,,,,
156,3,07:30,17,2,FMC,1,10,-28,FMC,Run,11.0,39,FMC,Ty Tremba,,,,,,,,,,,,,,,,,,,,,,,,Owen Daddona,,,,,,,,,,,,,
157,3,07:30,17,3,FMC,1,10,-39,FMC,Pass,,,,,,,Ty Tremba,,Gary Lewis,Incomplete,,,,,,,,,,,,,,,,,,,,,,,,,,,,,,,
158,3,07:30,17,4,FMC,2,10,-39,FMC,Pass,,,,,,,Ty Tremba,,Gary Lewis,Incomplete,,,,,,,,,,,,,,,,,,,,,,,,,,,,,,,
159,3,07:30,17,5,FMC,3,10,-39,FMC,Pass,3.0,42,FMC,,,,Ty Tremba,,Jack O'Hearen,Complete,,,,,,,,,,,,,,,,,,Tyler Ekstrom,,,,,,,,,,,,,
160,3,07:30,17,6,FMC,4,7,-42,FMC,Punt,,,,,,,,,,,,,,,,Jack Rodenberge,40,MUHL,18,,,,,,,,,,,,,,,,,,,,,,
161,3,07:30,17,7,FMC,,,,,,,,,,,,,,,,,,,,,,,,,,,,,,,,,,,,,,,,,,,,,,
162,3,05:51,18,0,MUHL,,,,,,,,,,,,,,,,,,,,,,,,,,,,,,,,,,,,,,,,,,,,,,
163,3,05:51,18,1,MUHL,1,10,-18,MUHL,,,,,,,,,,,,,,,,,,,,,,,,,,,,,,,,,,,,,,,,,,
164,3,05:51,18,2,MUHL,1,10,-18,MUHL,Run,5.0,23,MUHL,Christopher Ard,,,,,,,,,,,,,,,,,,,,,,,,Kevonte Beard,,,,,,,,,,,,,
165,3,05:51,18,3,MUHL,2,5,-23,MUHL,Run,15.0,38,MUHL,Aaron Daniels,,,,,,,,,,,,,,,,,,,,,,,,Justin Gerhart,,,,,,,,,,,,,
166,3,05:51,18,4,MUHL,1,10,-38,MUHL,Run,13.0,49,FMC,Joe Repetti,,,,,,,,,,,,,,,,,,,,,,,,Dante Medlar,,,,,,,,,,,,,
167,3,04:23,18,5,MUHL,1,10,49,FMC,Run,49.0,0,FMC,Amari Dunn,,,,,,,,,,,,,,,,,,,,,,,,,,,,,,,,,,,,,
168,3,04:23,18,6,MUHL,1,3,3,FMC,Extra Pt.,,,,,,,,,,,,,,,,Nick Stannard,,,,,,Kick,Good,,,,,,,,,,,,,,,,,,
169,3,04:23,18,7,MUHL,1,35,-35,MUHL,Kickoff,,,,,,,,,,,,,,,,C Fenstermaker,58,FMC,7,,,,,Matt Scully,15,FMC,22,John Lohrer,,,,,,,,,,,,,
170,3,04:23,18,8,MUHL,,,,,,,,,,,,,,,,,,,,,,,,,,,,,,,,,,,,,,,,,,,,,,
171,3,04:16,19,0,FMC,,,,,,,,,,,,,,,,,,,,,,,,,,,,,,,,,,,,,,,,,,,,,,
172,3,04:16,19,1,FMC,1,10,-22,FMC,,,,,,,,,,,,,,,,,,,,,,,,,,,,,,,,,,,,,,,,,,
173,3,04:16,19,2,FMC,1,10,-22,FMC,Penalty,,,,,,,,,,,,,,,,,,,,,,,,,,,,,,,,,,,,1.0,Delay Of Game,,FMC,,
174,3,04:16,19,3,FMC,1,15,-17,FMC,Run,3.0,20,FMC,Ty Tremba,,,,,,,,,,,,,,,,,,,,,,,,Owen Daddona,,,,,,,,,,,,,
175,3,04:16,19,4,FMC,2,12,-20,FMC,Pass,-6.0,14,FMC,,,,Ty Tremba,,,Sack,,,,,,,,,,,,,,,,,,Andrew Franklin,,,,,,,,,,,,,
176,3,04:16,19,5,FMC,3,18,-14,FMC,Pass,,,,,,,Ty Tremba,,Gary Lewis,Incomplete,,,,K McDowdell,,,,,,,,,,,,,,,,,,,,,,,,,,,
177,3,04:16,19,6,FMC,4,18,-14,FMC,Punt,,,,,,,,,,,,,,,,Jack Rodenberge,44,MUHL,42,,,,,,,,,,,,,,,,,,,,,,
178,3,04:16,19,7,FMC,,,,,,,,,,,,,,,,,,,,,,,,,,,,,,,,,,,,,,,,,,,,,,
179,3,02:33,20,0,MUHL,,,,,,,,,,,,,,,,,,,,,,,,,,,,,,,,,,,,,,,,,,,,,,
180,3,02:33,20,1,MUHL,1,10,-42,MUHL,,,,,,,,,,,,,,,,,,,,,,,,,,,,,,,,,,,,,,,,,,
181,3,02:33,20,2,MUHL,1,10,-42,MUHL,Run,13.0,45,FMC,Amari Dunn,,,,,,,,,,,,,,,,,,,,,,,,Matt Wertz,Dante Medlar,,,,,,,,,,,,
182,3,02:33,20,3,MUHL,1,10,45,FMC,Run,1.0,44,FMC,Amari Dunn,,,,,,,,,,,,,,,,,,,,,,,,Jeff Decker,,,,,,,,,,,,,
183,3,02:33,20,4,MUHL,2,9,44,FMC,Pass,,,,,,,Joe Repetti,,Thomas Jenkins,Incomplete,,,,Kell Hall,,,,,,,,,,,,,,,,,,,,,,,,,,,
184,3,02:33,20,5,MUHL,3,9,44,FMC,Pass,42.0,2,FMC,,,,Joe Repetti,,Michael Feaster,Complete,,,,,,,,,,,,,,,,,,Matt Wertz,,,,,,,,,,,,,
185,3,02:33,20,6,MUHL,1,2,2,FMC,Run,-1.0,3,FMC,Ethan Brader,,,,,,,,,,,,,,,,,,,,,,,,Jeff Decker,Kevonte Beard,,,,,,,,,,,,
186,3,00:12,20,7,MUHL,2,3,3,FMC,Run,3.0,0,FMC,Joe Repetti,,,,,,,,,,,,,,,,,,,,,,,,,,,,,,,,,,,,,
187,3,00:12,20,8,MUHL,1,3,3,FMC,Extra Pt.,,,,,,,,,,,,,,,,Nick Stannard,,,,,,Kick,Good,,,,,,,,,,,,,,,,,,
188,3,00:12,20,9,MUHL,1,35,-35,MUHL,Kickoff,,,,,,,,,,,,,,,,C Fenstermaker,55,FMC,10,,,,,Trey Glass,14,FMC,24,Tyler Ekstrom,,,,,,,,,,,,,
189,3,00:12,20,10,MUHL,,,,,,,,,,,,,,,,,,,,,,,,,,,,,,,,,,,,,,,,,,,,,,
190,3,00:02,21,0,FMC,,,,,,,,,,,,,,,,,,,,,,,,,,,,,,,,,,,,,,,,,,,,,,
191,3,00:02,21,1,FMC,1,10,-24,FMC,,,,,,,,,,,,,,,,,,,,,,,,,,,,,,,,,,,,,,,,,,
192,3,00:02,21,2,FMC,1,10,-24,FMC,Run,3.0,27,FMC,Ty Tremba,,,,,,,,,,,,,,,,,,,,,,,,Matt Papa,,,,,,,,,,,,,
193,4,00:02,22,0,FMC,,,,,,,,,,,,,,,,,,,,,,,,,,,,,,,,,,,,,,,,,,,,,,
194,4,15:00,22,1,FMC,2,7,-27,FMC,,,,,,,,,,,,,,,,,,,,,,,,,,,,,,,,,,,,,,,,,,
195,4,15:00,22,2,FMC,2,7,-27,FMC,Pass,26.0,47,MUHL,,,,Ty Tremba,,Jack Sutton,Complete,,,,,,,,,,,,,,,,,,,,,,,,,,,,,,,
196,4,15:00,22,3,FMC,1,10,47,MUHL,Run,4.0,43,MUHL,Aaron Rascoe,,,,,,,,,,,,,,,,,,,,,,,,Keshon Davila,,,,,,,,,,,,,
197,4,15:00,22,4,FMC,2,6,43,MUHL,Pass,-10.0,47,FMC,,,,Ty Tremba,,,Sack,,,,,,,,,,,,,,,,,,K McDowdell,Keshon Davila,,,,,,,,,,,,
198,4,15:00,22,5,FMC,3,16,-47,FMC,Pass,,,,,,,Ty Tremba,,Trey Glass,Incomplete,,,,,,,,,,,,,,,,,,,,,,,,,,,,,,,
199,4,15:00,22,6,FMC,4,16,-47,FMC,Punt,,,,,,,,,,,,,,,,Jack Rodenberge,35,MUHL,18,,,,,,,,,,,,,,,,,,,,,,
200,4,15:00,22,7,FMC,,,,,,,,,,,,,,,,,,,,,,,,,,,,,,,,,,,,,,,,,,,,,,
201,4,13:12,23,0,MUHL,,,,,,,,,,,,,,,,,,,,,,,,,,,,,,,,,,,,,,,,,,,,,,
202,4,13:12,23,1,MUHL,1,10,-18,MUHL,,,,,,,,,,,,,,,,,,,,,,,,,,,,,,,,,,,,,,,,,,
203,4,13:12,23,2,MUHL,1,10,-18,MUHL,Run,3.0,21,MUHL,Ethan Brader,,,,,,,,,,,,,,,,,,,,,,,,Jacob Hille,,,,,,,,,,,,,
204,4,13:12,23,3,MUHL,2,7,-21,MUHL,Pass,7.0,28,MUHL,,,,Joe Repetti,,P Esannason,Complete,,,,,,,,,,,,,,,,,,Kell Hall,,,,,,,,,,,,,
205,4,13:12,23,4,MUHL,1,10,-28,MUHL,Run,2.0,30,MUHL,Ethan Brader,,,,,,,,,,,,,,,,,,,,,,,,Owen Walsh,,,,,,,,,,,,,
206,4,13:12,23,5,MUHL,2,8,-30,MUHL,Pass,10.0,40,MUHL,,,,Joe Repetti,,Michael Feaster,Complete,,,,,,,,,,,,,,,,,,Kell Hall,,,,,,,,,,,,,
207,4,13:12,23,6,MUHL,1,10,-40,MUHL,Run,11.0,49,FMC,Michael Feaster,,,,,,,,,,,,,,,,,,,,,,,,Kell Hall,,,,,,,,,,,,,
208,4,13:12,23,7,MUHL,1,10,49,FMC,Run,6.0,43,FMC,Ethan Brader,,,,,,,,,,,,,,,,,,,,,,,,Tom Papa,Matt Scully,,,,,,,,,,,,
209,4,13:12,23,8,MUHL,2,4,43,FMC,Run,3.0,40,FMC,Ethan Brader,,,,,,,,,,,,,,,,,,,,,,,,Kevonte Beard,,,,,,,,,,,,,
210,4,13:12,23,9,MUHL,3,1,40,FMC,Run,2.0,38,FMC,Amari Dunn,,,,,,,,,,,,,,,,,,,,,,,,Owen Walsh,,,,,,,,,,,,,
211,4,13:12,23,10,MUHL,1,10,38,FMC,Run,0.0,38,FMC,Amari Dunn,,,,,,,,,,,,,,,,,,,,,,,,Jacob Hille,,,,,,,,,,,,,
212,4,13:12,23,11,MUHL,2,10,38,FMC,Pass,,,,,,,Joe Repetti,,Andrew Darno,Incomplete,,,,,,,,,,,,,,,,,,,,,,,,,,,Roughing Passer,,FMC,1.0,
213,4,13:12,23,12,MUHL,1,10,23,FMC,Run,1.0,22,FMC,Ethan Brader,,,,,,,,,,,,,,,,,,,,,,,,Bobby Buchys,,,,,,,,,,,,,
214,4,07:04,23,13,MUHL,2,9,22,FMC,Timeout,,,,,,,,,,,,,,,,,,,,,,,,,,,,,,,,,,,,,,,,,1.0
215,4,06:55,23,14,MUHL,2,9,22,FMC,Pass,22.0,0,FMC,,,,Joe Repetti,,Michael Feaster,Complete,,,,,,,,,,,,,,,,,,,,,,,,,,,,,,,
216,4,06:55,23,15,MUHL,1,3,3,FMC,Extra Pt.,,,,,,,,,,,,,,,,Nick Stannard,,,,,,Kick,Good,,,,,,,,,,,,,,,,,,
217,4,06:55,23,16,MUHL,1,35,-35,MUHL,Kickoff,,,,,,,,,,,,,,,,C Fenstermaker,59,FMC,6,,,,,Matt Scully,21,FMC,27,Peyton Elliott,,,,,,,,,,,,,
218,4,06:55,23,17,MUHL,,,,,,,,,,,,,,,,,,,,,,,,,,,,,,,,,,,,,,,,,,,,,,
219,4,06:45,24,0,FMC,,,,,,,,,,,,,,,,,,,,,,,,,,,,,,,,,,,,,,,,,,,,,,
220,4,06:45,24,1,FMC,1,10,-27,FMC,,,,,,,,,,,,,,,,,,,,,,,,,,,,,,,,,,,,,,,,,,
221,4,06:45,24,2,FMC,1,10,-27,FMC,Pass,,,,,,,Ty Tremba,,Aaron Rascoe,Incomplete,,,,Tyler Ekstrom,,,,,,,,,,,,,,,,,,,,,,,,,,,
222,4,06:45,24,3,FMC,2,10,-27,FMC,Pass,11.0,38,FMC,,,,Ty Tremba,,Jack Sutton,Complete,,,,,,,,,,,,,,,,,,K McDowdell,,,,,,,,,,,,,
223,4,06:45,24,4,FMC,1,10,-38,FMC,Pass,,,,,,,Ty Tremba,,Trey Glass,Incomplete,,,,John Washington,,,,,,,,,,,,,,,,,,,,,,,,,,,
224,4,06:45,24,5,FMC,2,10,-38,FMC,Pass,,,,,,,Ty Tremba,,Gary Lewis,Incomplete,,,,,,,,,,,,,,,,,,,,,,,,,,,,,,,
225,4,06:45,24,6,FMC,3,10,-38,FMC,Pass,11.0,49,FMC,,,,Ty Tremba,,Jack Sutton,Complete,,,,,,,,,,,,,,,,,,John Lohrer,,,,,,,,,,,,,
226,4,06:45,24,7,FMC,1,10,-49,FMC,Pass,13.0,38,MUHL,,,,Ty Tremba,,Aaron Rascoe,Complete,,,,,,,,,,,,,,,,,,Quentin Ogren,,,,,,,,,,,,,
227,4,06:45,24,8,FMC,1,10,38,MUHL,Pass,10.0,28,MUHL,,,,Ty Tremba,,Jack O'Hearen,Complete,,,,,,,,,,,,,,,,,,Owen Daddona,,,,,,,,,,,,,
228,4,06:45,24,9,FMC,1,10,28,MUHL,Pass,,,,,,,Ty Tremba,,Jack Sutton,Incomplete,,,,,,,,,,,,,,,,,,,,,,,,,,,,,,,
229,4,06:45,24,10,FMC,2,10,28,MUHL,Penalty,,,,,,,,,,,,,,,,,,,,,,,,,,,,,,,,,,,,1.0,False Start,,FMC,,
230,4,06:45,24,11,FMC,2,15,33,MUHL,Pass,7.0,26,MUHL,,,,Ty Tremba,,Gary Lewis,Complete,,,,,,,,,,,,,,,,,,,,,,,,,,,Offside,,MUHL,1.0,
231,4,06:45,24,12,FMC,2,10,28,MUHL,Run,1.0,27,MUHL,Ty Tremba,,,,,,,,,,,,,,,,,,,,,,,,Quentin Ogren,,,,,,,,,Offside,,MUHL,1.0,
232,4,06:45,24,13,FMC,2,5,23,MUHL,Run,8.0,15,MUHL,Ty Tremba,,,,,,,,,,,,,,,,,,,,,,,,Tyler Ekstrom,,,,,,,,,,,,,
233,4,06:45,24,14,FMC,1,10,15,MUHL,Pass,,,,,,,Ty Tremba,,Gary Lewis,Incomplete,,,,,,,,,,,,,,,,,,,,,,,,,,,Pass Interference,,FMC,1.0,
234,4,06:45,24,15,FMC,1,25,30,MUHL,Pass,27.0,3,MUHL,,,,Ty Tremba,,Jack Sutton,Complete,,,,,,,,,,,,,,,,,,,,,,,,,,,,,,,
235,4,06:45,24,16,FMC,1,3,3,MUHL,Run,-1.0,4,MUHL,Aaron Rascoe,,,,,,,,,,,,,,,,,,,,,,,,K McDowdell,Dom Visintin,,,,,,,,,,,,
236,4,06:45,24,17,FMC,2,4,4,MUHL,Pass,,,,,,,Ty Tremba,,Will Higson,Incomplete,,,,John Lohrer,,,,,,,,,,,,,,,,,,,,,,,,,,,
237,4,06:45,24,18,FMC,3,4,4,MUHL,Pass,-7.0,11,MUHL,,,,Ty Tremba,,,Sack,,,,,,,,,,,,,,,,,,K McDowdell,,,,,,,,,,,,,
238,4,06:45,24,19,FMC,4,11,11,MUHL,Pass,,,,,,,Ty Tremba,,Jack Sutton,Incomplete,,,,,,,,,,,,,,,,,,,,,,,,,,,,,,,
239,4,06:45,24,20,FMC,,,,,,,,,,,,,,,,,,,,,,,,,,,,,,,,,,,,,,,,,,,,,,
240,4,02:22,25,0,MUHL,,,,,,,,,,,,,,,,,,,,,,,,,,,,,,,,,,,,,,,,,,,,,,
241,4,02:22,25,1,MUHL,1,10,-11,MUHL,,,,,,,,,,,,,,,,,,,,,,,,,,,,,,,,,,,,,,,,,,
242,4,02:22,25,2,MUHL,1,10,-11,MUHL,Run,4.0,15,MUHL,Joe Repetti,,,,,,,,,,,,,,,,,,,,,,,,Jacob Hille,,,,,,,,,,,,,
243,4,02:16,25,3,MUHL,2,6,-15,MUHL,Timeout,,,,,,,,,,,,,,,,,,,,,,,,,,,,,,,,,,,,,,,,,1.0
244,4,02:16,25,4,MUHL,2,6,-15,MUHL,Run,5.0,20,MUHL,Joe Repetti,,,,,,,,,,,,,,,,,,,,,,,,Dante Medlar,,,,,,,,,Unsportsmanlike Conduct,,MUHL,,
245,4,02:16,25,5,MUHL,2,11,-10,MUHL,,,,,,,,,,,,,,,,,,,,,,,,,,,,,,,,,,,,,,,,,,
246,4,02:16,25,6,MUHL,3,11,-10,MUHL,Run,9.0,19,MUHL,Joe Repetti,,,,,,,,,,,,,,,,,,,,,,,,Kell Hall,,,,,,,,,,,,,
247,4,01:58,25,7,MUHL,4,2,-19,MUHL,Timeout,,,,,,,,,,,,,,,,,,,,,,,,,,,,,,,,,,,,,,,,,1.0
248,4,01:58,25,8,MUHL,4,2,-19,MUHL,Timeout,,,,,,,,,,,,,,,,,,,,,,,,,,,,,,,,,,,,,,,,,1.0
249,4,01:58,25,9,MUHL,4,2,-19,MUHL,Punt,,,,,,,,,,,,,,,,Kevin Olifiers,37,FMC,44,,,,,Trey Glass,3,FMC,47,J McGettigan,,,,,,,,,,,,,
250,4,01:58,25,10,MUHL,,,,,,,,,,,,,,,,,,,,,,,,,,,,,,,,,,,,,,,,,,,,,,
251,4,01:49,26,0,FMC,,,,,,,,,,,,,,,,,,,,,,,,,,,,,,,,,,,,,,,,,,,,,,
252,4,01:49,26,1,FMC,1,10,-47,FMC,,,,,,,,,,,,,,,,,,,,,,,,,,,,,,,,,,,,,,,,,,
253,4,01:41,26,2,FMC,1,10,-47,FMC,Pass,53.0,0,MUHL,,,,Ty Tremba,,Gary Lewis,Complete,,,,,,,,,,,,,,,,,,,,,,,,,,,,,,,
254,4,01:41,26,3,FMC,1,3,3,MUHL,Extra Pt.,,,,,,,,,,,,,,,,Laurence Miller,,,,,,Kick,Good,,,,,,,,,,,,,,,,,,
255,4,01:41,26,4,FMC,1,35,-35,FMC,Kickoff,,,,,,,,,,,,,,,,Jack Rodenberge,10,FMC,45,,,,,,,,,,,,,,,,,,Offside,,FMC,,
256,4,01:41,26,5,FMC,,,,,,,,,,,,,,,,,,,,,,,,,,,,,,,,,,,,,,,,,,,,,,
257,4,01:40,27,0,MUHL,,,,,,,,,,,,,,,,,,,,,,,,,,,,,,,,,,,,,,,,,,,,,,
258,4,01:40,27,1,MUHL,1,10,40,FMC,,,,,,,,,,,,,,,,,,,,,,,,,,,,,,,,,,,,,,,,,,
259,4,01:40,27,2,MUHL,1,10,40,FMC,,,,,,,,,,,,,,,,,,,,,,,,,,,,,,,,,,,,,,,,,,
260,4,01:40,27,3,MUHL,1,10,40,FMC,Run,-2.0,42,FMC,Ethan Brader,,,,,,,,,,,,,,,,,,,,,,,,Jeff Decker,,,,,,,,,,,,,
261,4,01:36,27,4,MUHL,2,12,42,FMC,Timeout,,,,,,,,,,,,,,,,,,,,,,,,,,,,,,,,,,,,,,,,,1.0
262,4,01:36,27,5,MUHL,2,12,42,FMC,Run,3.0,39,FMC,Joe Repetti,,,,,,,,,,,,,,,,,,,,,,,,Brian Lafty,,,,,,,,,,,,,
263,4,01:29,27,6,MUHL,3,9,39,FMC,Timeout,,,,,,,,,,,,,,,,,,,,,,,,,,,,,,,,,,,,,,,,,1.0
264,4,01:29,27,7,MUHL,3,9,39,FMC,Run,4.0,35,FMC,Ethan Brader,,,,,,,,,,,,,,,,,,,,,,,,Matt Scully,,,,,,,,,,,,,
265,4,01:29,27,8,MUHL,4,5,35,FMC,Penalty,,,,,,,,,,,,,,,,,,,,,,,,,,,,,,,,,,,,1.0,Delay Of Game,,MUHL,,
266,4,01:29,27,9,MUHL,4,10,40,FMC,Punt,,,,,,,,,,,,,,,,Kevin Olifiers,40,FMC,0,,,,,,,,,,,,,,,,,,,,,,
267,4,01:29,27,10,MUHL,,,,,,,,,,,,,,,,,,,,,,,,,,,,,,,,,,,,,,,,,,,,,,
268,4,00:30,28,0,FMC,,,,,,,,,,,,,,,,,,,,,,,,,,,,,,,,,,,,,,,,,,,,,,
269,4,00:30,28,1,FMC,1,10,-20,FMC,,,,,,,,,,,,,,,,,,,,,,,,,,,,,,,,,,,,,,,,,,
270,4,00:30,28,2,FMC,1,10,-20,FMC,Pass,24.0,44,FMC,,,,Ty Tremba,,Jack O'Hearen,Complete,,,,,,,,,,,,,,,,,,Alex Batista,,,,,,,,,,,,,
271,4,00:30,28,3,FMC,1,10,-44,FMC,Pass,16.0,40,MUHL,,,,Ty Tremba,,Aaron Rascoe,Complete,,,,,,,,,,,,,,,,,,Dom Visintin,,,,,,,,,,,,,
272,4,00:30,28,4,FMC,1,10,40,MUHL,Pass,,,,,,,Ty Tremba,,Jack Sutton,Incomplete,,,,,,,,,,,,,,,,,,,,,,,,,,,,,,,
273,4,00:30,28,5,FMC,2,10,40,MUHL,,,,,,,,,,,,,,,,,,,,,,,,,,,,,,,,,,,,,,,,,,
274,4,00:30,28,6,FMC,2,10,40,MUHL,Pass,,,,,,,Ty Tremba,,,Incomplete,,,,J McGettigan,,,,,,,,,,,,,,,,,,,,,,,,,,,
275,4,00:30,28,7,FMC,3,10,40,MUHL,Pass,,,,,,,Ty Tremba,,Trey Glass,Incomplete,,,,Alex Batista,,,,,,,,,,,,,,,,,,,,,,,,,,,
276,4,00:00,28,8,FMC,4,10,40,MUHL,,,,,,,,,,,,,,,,,,,,,,,,,,,,,,,,,,,,,,,,,,
277,4,00:00,28,9,FMC,,,,,,,,,,,,,,,,,,,,,,,,,,,,,,,,,,,,,,,,,,,,,,
